Papel,Segmento,Cotação,FFO Yield,Dividend Yield,P/VP,Valor de Mercado,Liquidez,Qtd de imóveis,Preço do m2,Aluguel por m2,Cap Rate,Vacância Média,Endereço
ABCP11,Shoppings,6410,"24,70%","9,33%",70,301.852.000,72.501,1,"3.957,79","1.294,47","32,71%","2,76%","Avenida Industrial, 600, Centro, Santo André - SP"
AFCR11,Híbrido,10315,"11,23%","0,00%",99,186.437.000,0,0,000,000,"0,00%","0,00%",
AFHI11,Títulos e Val. Mob.,9420,"9,39%","14,82%",99,284.432.000,748.441,0,000,000,"0,00%","0,00%",
AIEC11,Lajes Corporativas,6166,"14,90%","15,16%",65,297.509.000,338.942,2,"12.608,50","2.260,90","17,93%","0,00%","Avenida das Nações Unidas, 14.171 - Chucri Zaidan - São Paulo - SP,Avenida Presidente Wilson, 118 - Centro - Rio de Janeiro - RJ"
ALMI11,Lajes Corporativas,84800,"1,87%","0,00%",42,94.278.100,26.527,1,"2.083,31",17158,"8,24%","97,07%","Avenida Almirante Barroso, 81, Sem Complemento, Centro, Rio De Janeiro/RJ, Brasil, 20031-004"
ALZM11,Títulos e Val. Mob.,8398,"13,58%","7,33%",91,58.046.300,161.972,0,000,000,"0,00%","0,00%",
APTO11,Híbrido,830,"15,15%","15,47%",83,33.306.700,67.856,6,"12.852,10","1.001,32","7,79%","0,00%","Rua do Rócio nº 423 e Rua Fidêncio Ramos nº 420, no 28º Subdistrito - Jaridm Paulista, São Paulo - SP,Rua Jerônimo da Veiga nº 248, no 28º Subdistrito Jardim Paulista, São Paulo - SP,Rua Pedroso Alvarenga nºs 1256 e 1274, no 28º Subdistrito - Jardim Paulista, São Paulo - SP,Alameda Fernão Cardim, 70  Jardim Paulista  Estado de São Paulo,Rua Leopoldo Couto de Magalhães Júnior nº1098 e Rua Lopes Neto nº390, 28º Subdistrito - Jardim Paulista, São Paulo - SP,Alameda Fernão Cardim, 70 e 72  Jardim Paulista  Estado de São Paulo"
ARCT11,Híbrido,8713,"13,66%","14,62%",87,323.093.000,525.016,9,37615,3260,"8,67%","0,00%","Rodovia GO-070, Km 2 Qd. CH, Lt. 444, , Goiânia, GO, 74470-260,Rodovia Washington Luis KM 198, , Corumbataí, SP, 13540-000,Av. Santos Dumont 4305, Mirassol, SP, 15135-160,Rua Professor Luciano Prata 204, São Paulo, SP, 02510-020,Av. Costa e Silva 1275, Campo Grande, MS, 79050-410,Av. Perimetral Norte 10001, Goiânia, GO, 74583-285,Rod. Juscelino Kubitscheck de Oliveira - BR 364, Frutal, MG, 38200-000,Rodovia BR 060 KM 504, Goiânia, GO, 75800-001,Rodovia BR 020 572, Caucaia, CE, 061663-015"
ASMT11,Híbrido,6870,"13,49%","6,65%",82,69.889.600,5.479,3,"6.412,87",73400,"11,45%","0,00%","Avenida Alfredo Egidio De Souza Aranha, 145, Edifício Souza Aranha I, Vila Cruzeiro, Sao Paulo/SP, Brasil, 04726-170,Avenida Independencia, 565, Imóvel Porto Alegre, Independência, Porto Alegre/RS, Brasil, 00090-035,Avenida Alfredo Egidio De Souza Aranha, 145, Edifício Souza Aranha Ii, Vila Cruzeiro, Sao Paulo/SP, Brasil, 04726-170"
ATSA11,Shoppings,7495,"2,31%","0,47%",92,131.248.000,472,1,"3.831,45",10399,"2,71%","21,35%","Rua Giovanni Battista Pirelli, 155 - Vila Homero Thon - Santo André - SP"
BARI11,Títulos e Val. Mob.,8225,"14,05%","16,08%",86,381.162.000,754.977,1,000,000,"0,00%","0,00%",
BBFI11B,Lajes Corporativas,"2.040,01","16,31%","15,61%",72,265.201.000,287.316,2,"2.953,79",53213,"18,02%","0,00%","Sbs Quadra 1 Bloco E Lote 24, S/n, Sem Complemento, Asa Sul, Brasilia/DF, Brasil, 70072-900,Rua Barao De Sao Francisco, 177, Entrada Pela Rua Gomes Braga, 65, Andarai, Rio De Janeiro/RJ, Brasil, 20560-031"
BBFO11,Títulos e Val. Mob.,6649,"20,53%","13,25%",84,266.219.000,186.710,0,000,000,"0,00%","0,00%",
BBGO11,Títulos e Val. Mob.,7858,"12,17%","11,10%",80,314.726.000,223.275,0,000,000,"0,00%","0,00%",
BBPO11,Lajes Corporativas,8229,"12,47%","13,07%",82,1.310.030.000,1.414.150,63,"3.337,93",46542,"13,94%","0,00%","R. BENTO GONCALVES, 516, PASSO FUNDO-RS,R.XV DE NOVEMBRO,63/67, SOROCABA-SP,AV.BERNARDINO DE CAMPOS,250, SAO PAULO-SP,AV.CONSELHEIRO CARRAO,2411, SAO PAULO-SP,PCA.DAS 4 JORNADAS,11, CAMPOS DOS GOYTACAZES-RJ,ALAMEDA DOS JURUPIS, 1156, SAO PAULO-SP,R.CONDE BONFIM,369-A, RIO DE JANEIRO-RJ,R. JOAQUIM NABUCO, 246, SAO PAULO-SP,RUA HALFELD, 770 / ESQ. RUA MARECHAL DEODORO, 497, JUIZ FORA-MG,R.DR.NELSON D AVILA,149-CENTRO, SAO JOSE DOS CAMPOS-SP,PCA.CARDEAL ARCOVERDE,52, SAO CAETANO DO SUL-SP,R.JULIO CONCEICAO,438, SAO PAULO-SP,PRACA GENERAL VALADAO,377, ARACAJU-SE,R.DUQUE DE CAXIAS,725, RIBEIRAO PRETO-SP,RUA SAO BENTO, 483 / RUA LIBERO BADARO, 582, SAO PAULO-SP,PCA. RUI BARBOSA, 322, ARACATUBA-SP,AV.PRES.KENNEDY,1461, DUQUE DE CAXIAS-RJ,R.PINHEIROS,1492, SAO PAULO-SP,R.DA BAHIA,2500, BELO HORIZONTE-MG,AV.AFONSO PENA,2202, CAMPO GRANDE-MS,RUA XV DE NOVEMBRO, N. 191, SOROCABA-SP,PCA.RUI BARBOSA,1-55/R.ANT. ALVES, 9-38, BAURU-SP,AV.N.SRA.COPACABANA,594, RIO DE JANEIRO-RJ,RUA MARQUES DO HERVAL, 1354, EDIFICO SATELITE, CAXIAS DO SUL-RS,R.ESPIRITO SANTO,571, ESQ. C/ RUA CARIJÓS, 185, BELO HORIZONTE-MG,AV.ERNANI AMARAL PEIXOTO, 347, NITEROI-RJ,RUA 7 DE SETEMBRO, 1209, TOLEDO-PR,R.DR.COSTA AGUIAR,626, CAMPINAS-SP,RUA GUILHERME MOREIRA, 315, MANAUS-AM,R.VOLUNTARIOS DE S.PAULO,2975, SAO JOSE DO RIO PRETO-SP,R. FELINTO MULLER, 2104/PRES.JOSE LINHARES, 50, CUIABA-MT,AV.GOV.PEDRO DE TOLEDO,1099, CAMPINAS-SP,R.BOM PASTOR,153/169, SAO PAULO-SP,R.VOLUNTARIOS DA PATRIA,1769, SAO PAULO-SP,QD. 1, BL.G, LT. 32, BRASILIA-DF,SEPN QUADRA 504 BL B EDIFICIO VIRGO, BRASILIA-DF,PRACA XV DE NOVEMBRO, 321, FLORIANOPOLIS-SC,R.AUGUSTO RIBAS,555, PONTA GROSSA-PR,AV. GOIAS, 980 - QD.14, GOIANIA-GO,AV.SANTOS DUMONT,2889, FORTALEZA-CE,AV.13 DE MAIO,13, RIO DE JANEIRO-RJ,Praça XV de Novembro, 329, FLORIANOPOLIS-SC,AV.PRES.VARGAS,248, BELEM-PA,AV.BARTOLOMEU MITRE 438-A, RIO DE JANEIRO-RJ,R.BARORE,284, SAO PAULO-SP,R.NOSSA SENHORA DA LAPA, 281, SAO PAULO-SP,AV. AFONSO PENA, 745, ESQUINA R. QUINTINO BOCAIUVA, UBERLANDIA-MG,AV.RIO BRANCO,1437, SAO PAULO-SP,AV.DUQUE DE CAXIAS 448, MARINGA-PR,R.TAMOIOS,731/R. GUARANI, 504, BELO HORIZONTE-MG,R.HONORIO SILVEIRA DIAS,1830, PORTO ALEGRE-RS,AV.RANGEL PESTANA,2128, SAO PAULO-SP,AV.GEREMARIO DANTAS,78, RIO DE JANEIRO-RJ,R.PAULO EIRO,471/PRACA FLORIANO PEIXOTO, 254, SAO PAULO-SP,PCA.JOSE BONIFACIO,945, PIRACICABA-SP,AV W-3, Q.7, LT.7,8 E 9, BRASILIA-DF,AV.SANTA MARINA 2618, SAO PAULO-SP,AV.JABAQUARA 424, SAO PAULO-SP,PR.TIRADENTES,410/AL.DR. MURICY,760/R. CANDIDO LOP, CURITIBA-PR,R.DOMINGOS DE MORAES, 438, SAO PAULO-SP,SDN CONJ A LOJA C-03 2 PAVIMENTO, BRASILIA-DF,AV.PENHA DE FRANCA,549, SAO PAULO-SP,R.RIO DE JANEIRO,750, BELO HORIZONTE-MG"
BBRC11,Outros,9339,"12,36%","12,48%",87,148.490.000,97.196,20,"9.238,22","1.448,75","15,68%","0,00%","R. Joaquim Floriano, 666, São Paulo-SP,R. Coronel Quirino, 644, Campinas-SP,Av. Eng. Luis Carlos Berrini, 559, São Paulo-SP,Av. Eng. Heitor Antônio Eiras Garcia, 3963, São Paulo-SP,Av. Santo Amaro, 2163, São Paulo-SP,R. Pires da Mota, 488, São Paulo-SP,Al. Gabriel Monteiro da Silva, 2032, São Paulo-SP,R. Estados Unidos, 1931, São Paulo-SP,Av. Brasil, 418, São Paulo-SP,Av. Maria Servidei Demarchi, 1662, São Bernardo do Campo-SP,Av. Gal. Pedro Pinho, 641, Osasco-SP,R. Guaipá, 1389, São Paulo-SP,R. Marechal Deodoro, 440, São Paulo-SP,Av. Indianópolis, 546, São Paulo-SP,Av. Prof. Francisco Morato, 1214, São Paulo-SP,Av. Portugal, 519, Santo André-SP,Av. São Miguel, 2328, São Paulo-SP,Av. Prof. Francisco Morato, 2004, São Paulo-SP,Av. Paes de Barros, 2621, São Paulo-SP,Av. Amador Bueno da Veiga, 1516, São Paulo-SP"
BBVJ11,Lajes Corporativas,6299,"0,24%","0,00%",96,197.789.000,0,1,"9.380,79",40414,"4,31%","50,78%","Av. Magalhães de Castro, 4.800 - São Paulo/SP"
BCFF11,Títulos e Val. Mob.,6325,"16,37%","10,47%",86,1.593.040.000,2.240.300,0,000,000,"0,00%","0,00%",
BCIA11,Títulos e Val. Mob.,8260,"12,36%","10,71%",85,307.193.000,341.531,0,000,000,"0,00%","0,00%",
BCRI11,Títulos e Val. Mob.,9199,"14,87%","15,19%",92,575.662.000,566.083,0,000,000,"0,00%","0,00%",
BIME11,Híbrido,744,"15,34%","15,72%",83,43.491.300,71.164,2,"1.164,67",000,"0,00%","0,00%","Jamaris - Bairro Moema,Av. Indianópolis, 68"
BLCA11,Lajes Corporativas,11500,"5,70%","5,09%",81,184.000.000,45.548,1,"43.526,00","3.032,21","6,97%","0,00%","Avenida Brigadeiro Faria Lima, 3477, Itaim Bibi, Sao Paulo/SP, Brasil, 04538-133"
BLCP11,Logística,9100,"5,41%","4,42%",81,208.962.000,0,2,"3.014,16",19989,"6,63%","0,00%","Estrada Municipal Thereza Thomazella, 432, Bairro Dos Pires, Extrema/MG, Brasil, 37640-000,Rodovia Dom Gabriel Paulino Bueno Couto, Km 80,24, Cabreuva/SP, Brasil, 13315-000"
BLMC11,Títulos e Val. Mob.,7556,"13,14%","15,49%",79,30.186.200,4.012,0,000,000,"0,00%","0,00%",
BLMG11,Outros,6808,"12,75%","13,94%",72,259.425.000,507.888,1,30464,5732,"18,82%","0,00%","Cidade de Jandira, Comarca de Barueri, Estado de São Paulo."
BLMO11,Lajes Corporativas,"21.775,00","1,29%","1,57%",65,82.679.700,74.995,1,"12.833,10",46189,"3,60%","0,00%","Av. das Nações Unidas, nº 12.901, São Paulo - SP"
BLMR11,Títulos e Val. Mob.,638,"15,19%","13,69%",85,162.956.000,359.955,0,000,000,"0,00%","0,00%",
BMLC11,Híbrido,10050,"8,90%","8,89%",89,100.340.000,58.918,2,"13.569,90","1.263,19","9,31%","0,00%","Rua Lauro Muller, 116, 21º, 27º, 28º E 40º Andares, Botafogo, Rio De Janeiro/RJ, Brasil, 22290-160,Rua Joaquim Floriano, 466, Sem Complemento, Itaim Bibi, São Paulo/SP, Brasil, 04534-002"
BPFF11,Outros,6065,"19,46%","13,13%",85,272.460.000,307.657,0,000,000,"0,00%","0,00%",
BPML11,Shoppings,5850,"4,65%","4,67%",47,251.847.000,13.853,4,"3.242.490,00","673.199,86","20,76%","5,09%","Av. Maestro Paulo e Silva, 400, Shopping, Rio de Janeiro, RJ, 21920-445,Rua América Deolindo Garla, 224, Shopping, Lodrina, PR, 86079-225,Av. Severino Ballesteros, 850 - Cabral, Contagem - MG, 32110-005,Q. 107, Norte Avenida, NS 5, s/n, Shopping, Palmas, TO, 77001-098"
BPRP11,Outros,9127,"11,51%","11,44%",84,123.200.000,111,1,"5.338,59",63926,"11,97%","0,00%","Avenida Pl Do Brasil, 3001, Fontes, Aruja/SP, Brasil, 07415-000"
BRCO11,Logística,9313,"8,84%","8,55%",77,1.376.350.000,2.677.200,11,"3.086,39",31674,"10,26%","12,06%","Rodovia Dom Gabriel Paulino Bueno Couto nº 1936 - Itupeva - SP,Avenida Saul Elkin, Londrina - PR,Avenida Helio Ossamu Daikuara nº 1.135, Embu da Artes - SP,Rod. BA-535. km 23, Lauro de Freitas - BA,Rua Olympia Semerano, nº 381, 675 e 7337, São Paulo - SP,Estrada Turística do Jaraguá, nº 50, Jaraguá, São Paulo - SP,Rodovia Dom Gabriel Paulino Bueno Couto, nº 1606, Itupeva - SP,Avenida Tabai-Canoas (BR 386), nº 1.200, Canoas - RS,Avenida Marginal Direita do Tietê, nº 342, São Paulo - SP,Avenida D com acesso a Rodovia Presidente Dutra, KM 298, Resende - RJ,Avenida Wilson Tavares Ribeiro, nº 1.651 - Contagem - MG"
BRCR11,Híbrido,5503,"10,48%","10,38%",55,1.465.900.000,1.509.370,9,"9.829,49","1.196,88","12,18%","11,70%","Avenida Doutor Chucri Zaidan, 1240, Vila Sao Francisco Zona Sul, Sao Paulo/SP, Brasil, 04711-130,Avenida Das Nações Unidas 8501, Pinheiros, São Paulo, SP, 05425-070,Avenida Henrique Valadares, 28, Centro, Rio De Janeiro/RJ, Brasil, 00020-231,Rua Volkswagen 291, São Paulo/SP, Brasill, 04344-020,Rua Verbo Divino, 1488, Chácara Santo Antônio (zona Sul), São Paulo/SP, Brasil, 04719-002,Avenida João Cabral de Mello Neto 850, Rio de Janeiro, RJ, Brasil, 22775-057,Avenida Das Americas, 4200, Bloco 5, Barra Da Tijuca, Rio De Janeiro/RJ, Brasil, 22640-102,Avenida Das Nacoes Unidas, 14401, Vila Gertrudes, Sao Paulo/SP, Brasil, 04794-000,Avenida Indianopolis, 3096, Indianópolis, São Paulo/SP, Brasil, 04062-904"
BREV11,Híbrido,10300,"6,61%","7,26%",85,99.621.700,1.830,13,"17.365,50","1.417,05","8,16%","0,00%","Rua Fidêncio Ramos, 213 - São Paulo/SP,Alameda Itu, 852 - São Paulo/SP,Rua James Joule, 92 - São Paulo/SP,Avenida Brigadeiro Faria Lima, 3015 - São Paulo/SP,Avenida Doutor Cardoso de Melo, 1336 - São Paulo/SP,Rua Helena, 260 - São Paulo/SP,Rua Joaquim Floriano, 413 - São Paulo/SP,Rua Gomes de Carvalho, 1356 - São Paulo/SP,Rua Joaquim Floriano, 100 - São Paulo/SP,Rua Cristiano Viana, 401 - São Paulo/SP,Avenida Brigadeiro Faria Lima, 2055 - São Paulo/SP,Alameda Santos, 1940 - São Paulo/SP,Rua Tabapuã, 500"
BRIM11,Residencial,"1.030,22","9,08%","11,98%",94,127.888.000,0,4,68837,000,"0,00%","0,00%","Terreno Tumiaru, situado em rua Homônima,Andrade Fernandes, em Alto de Pinheiros,Rua do Estilo Barroco 623-665, Chácara Santo Antônio/SP,Rua Senador Pádua Sales, Pacaembu-SP"
BRLA11,Outros,13885,"5,40%","9,20%",88,392.605.000,143.684,6,"1.273,44",6948,"5,46%","0,00%","Km 101, Da Br-101, 101, Sem Complemento, , Conde/PB, Brasil, 58322-000,Rua Alexandre Barreto Cavalcante, 74, Lote 01b Quadra 07, Alterosa, Ribeirao Das Neves/MG, Brasil, 33821-105,Rua Jose Lana, 850, Sem Complemento, Brilhante I, Itajai/SC, Brasil, 88318-290,Rodovia Dos Imigrantes, Km 501, Sem Complemento, Distrito Industrial, Cuiaba/MT, Brasil, 78098-325,Estrada Ladeira Grande, S/n, Área 01-a, Parque Industrial, Viana/ES, Brasil, 29136-537,Setor 2, Setor 2, S/n, Lote 08b3, Setor 2, Lucas Do Rio Verde/MT, Brasil, 78455-000"
BTAL11,Outros,8700,"9,30%","11,31%",83,520.498.000,1.000.870,9,"1.470,94",15625,"10,62%","0,00%","Rodovia Br467, Br 163, Km 256.5, Jardim Europa, Toledo/PR, Brasil, 85907-060,Avenida Presidente Tancredo De Almeida Neves, 1171, Karfan, Itumbiara/GO, Brasil, 75516-475,Rodovia Br 242, Km 75, S/n, Zona Rural, Nova Ubirata/MT, Brasil, 78888-000,Rua Frutal 689, Centro, Iturama/MG, Brasil, 38280-971,Rodovia Pr 182, Km 34  Maripa/pr, Km 34,Perola Independente , Maripa/PR, Brasil, 85958-000,Estrada Da Pedreira, 151, 14 De Novembro, Cascavel/PR, Brasil, 85804-180,Rua Rio Verde, 101, Paul, Vila Velha/ES, Brasil, 29115-210,Rodovia Pr 364, Km 579, Palotina/PR, Brasil, 85950-000,Br 277, Km 533, Centro De Recebimento De Grão I.riedi, Colonia Murillo, Ibema/PR, Brasil, 85478-000"
BTCI11,Títulos e Val. Mob.,888,"16,17%","3,47%",88,883.748.000,959.159,0,000,000,"0,00%","0,00%",
BTCR11,Títulos e Val. Mob.,8800,"12,48%","11,20%",92,423.289.000,0,0,000,000,"0,00%","0,00%",
BTLG11,Híbrido,9360,"5,15%","9,41%",95,1.971.860.000,4.380.720,20,"3.953,92",18581,"4,70%","0,51%","Rua Dona Catharina Maria De Jesus, 400, Bonsucesso, Guarulhos/SP, Brasil, 07175-500,Estrada De Sao Goncalo, S/ Nº, Altura Aproximada Do Km 530, Humildes , Feira De Santana/BA, Brasil, 44135-000,Avenida Brigadeiro Faria Lima, 186, Pinheiros, Sao Paulo/SP, Brasil, 05426-200,Estrada Municipal Thereza Thomazella, 432, Bairro Dos Pires, Extrema/MG, Brasil, 00037-640,Estrada Ferreira Guedes, 784, Potuvera, Itapecerica Da Serra/SP, Brasil, 06885-150,Largo De Santana, 780, Santana, Sao Paulo/SP, Brasil, 02402-003,Estrada Rio Douro, 800, Mantiquira, Duque De Caxias/RJ, Brasil, 25245-810,Estrada Do Capuava, 1000, Chacara Ondas Verdes, Cotia/SP, Brasil, 06715-725,Rua Ronald Cladstone Negri, 557, Polo De Alta Tecnologia De Campinas Polo I, Campinas/SP, Brasil, 13069-472,Rodovia Ba535 Via Parafuso, Km 14, Cep 42849-000, Polo Logístico, Camacari/BA, Brasil, 42800-331,Br 116, 2271, Verife, Itaitinga/CE, Brasil, 61880-000,Rodovia Dom Gabriel Paulino Bueno Couto, Km 80,2, Esquina Com Via Dos Ipes, Bairro Do Jacaré, Cabreuva/SP, Brasil, 13315-000,Avenida Charles Goodyear, S/n, Cururuquara, Santana De Parnaiba/SP, Brasil, 06524-115,Rodovia Marechal Rondon, Km 536, 21500, Avenida, Aracatuba/SP, Brasil, 16027-231,Avenida Beirario, 5777, Distrito Industrial Deputado Simao Da Cunha, Santa Luzia/MG, Brasil, 33040-260,Rodovia Anhanguera, S/n, Km 308, Parque Residencial Candido Portinari, Ribeirao Preto/SP, Brasil, 14093-500,Rodovia Br470, 04, Machados, Navegantes/SC, Brasil, 88373-330,Avenida Alberto Soares Sampaio, S/n, Capuava, Maua/SP, Brasil, 09380-000,Avenida Francisco Roveri, S/n, Parque Almerinda Pereira Chaves, Jundiai/SP, Brasil, 13212-541,Rua Perola, 350, N/a, Jardim Santa Esmeralda, Hortolandia/SP, Brasil, 13186-546"
BTRA11,Outros,8393,"11,85%","11,68%",61,282.387.000,537.304,6,414,050,"12,17%","0,00%","Area Rural, Sn, N/a, Sao Desiderio/BA, Brasil, 47820-000,Rodovia Br 364, Km 888, Campo Novo Do Parecis/MT, Brasil, 78360-000,Zona Rural, S/n, Zona Rural, Tapurah/MT, Brasil, 78573-000,Zona Rural, S/n, Zona Rural, Nova Mutum/MT, Brasil, 78450-000,Area Rural, Sn, N/a, Nova Maringa/MT, Brasil, 78445-000,Zona Rural, S/n, Zona Rural, Campo Verde/MT, Brasil, 78840-000"
BTSG11,Híbrido,10000,"15,00%","5,28%",73,77.501.500,0,1,"4.109,85",66846,"16,26%","0,00%","Avenida dos Alecrins, 430, Distrito Industrial, Pouso Alegre, Minas Gerais, Brasil"
BTWR11,Lajes Corporativas,10700,"5,26%","4,88%",96,86.591.900,5,1,"4.292,25",24768,"5,77%","0,00%","Rua Qd. B-27, Av. Dep. Jamel Cecílio, 56 - Jardim Goiás, Goiânia"
BVAR11,Outros,10001,"84,44%","351,61%",8,62.560.300,0,63,49481,44143,"89,21%","7,46%","Rua Candido Mendes, 1.280 - Bairro Central,Av. Senhor dos Passos, 1.167 - Centro,Rua Imperatriz Tereza Cristina, 57 - Boa Vista,Pça Dom Epaminondas, 131 - Centro,Rua Manoel Correa, 76 - Centro,Av. Eduardo Ribeiro, 390 - Centro,Rua dos Americanos, 465 - Barra Funda,Rua 13 de Junho, 265 e Rua Antonio Joao, 59 (lojas 01 a 11),Rua Oswaldo Cruz, 132,Rua Sete de Setembro, 12/34 - Boa Vista,Rua Conselheiro João Alfredo, 68 - Centro,Rua dos Andradas, 1441 - Centro - Porto Alegre,Rua Marechal Deodoro, 102 - Centro,Rua Sete de Setembro, 142 - Centro,Rua do Comercio, 352 - Centro,Rua da Paz, 338 - Afogados,Rua Senador Teodoro Pacheco, 1.074 - Centro,Av. Sete de Setembro, 941-A - Centro,Rua Barão do Rio Branco, 118,Rua Imperatriz Terreza Cristina, 35 - Boa Vista,Av. Adolfo Pinheiro, 62 - Santo Amaro,Rua Major Facundo, 532 - Centro,Rua Antonio João, 59 - Lj 12 e 13 - Centro,Rua 13 de Junho, 265 - Centro,Av. Sete de Setembro, 238 - Centro,Av. Portugal, 221 - Centro,Rua Riachuelo, 360 - Centro,Pça XV de Novembro, 111,Rua Voluntários da Pátria, 29 - Centro,Rua Barão de Jundiaí, 955 - Centro,Av. Geronimo Monteiro, 299 - Centro,Pça Antonio Menck, 103 - Centro,Rua Carijós, 645 - Centro,Rua Grande, 517/523 - Centro,Rua Conselheiro João Alfredo, 38 Campina ,Rua Nova, 163 - Bairro Santo Antonio,Rua dos Andradas, 1.307 / 1.315 - Centro,Rua Regente Feijó, 1.037 - Centro,Av. Portugal, 213 - Centro,Rua da Azenha, 795 - Bairro Azenha,Av. Getulio Vargas, 258 - Centro,Rua Marechal Deodoro, 1.315 - Centro,Rua Antonio João, 59 - Lj 14 e 15 - Centro,Av. Sete de Setembro, 740 - Centro,Rua Serra Dourada, 102 - S. Miguel Paulista,Av. Paraná, 321 - Centro,Rua Visconde de Pirajá, 138 -A - Ipanema,Rua Desembargador Westphalen, 130 - Centro,Rua Dr. Deodato Wertheimer, 1.374 - Centro,Rua James Holland, 422 - Barra Funda,Rua Duque de Caxias, 222 - Santo Antonio,Rua Teodoro Sampaio, 2.382 - Pinheiros,Rua Marechal Deodoro, 900 - Centro,Rua Dias da Cruz, 155 - Meier,Rua Direita, 25 - Centro - SP,Av. Anhanguera, 5.520 - Bairro Setor Central,Av. Rio Branco, 637 - Cidade Alta,Rua Voluntários da Pátria, 167 - Centro,Av. 13 de Maio, 53 - Altos - Centro,Rua Maciel Pinheiro, 185 - Centro,Av. Presidente Kennedy, 09,Pça Ramos de Azevedo, 229,Rua João de Barros, 1812 - Encruzilhada "
CARE11,Híbrido,213,"-2,32%","0,00%",26,76.189.900,19.582,1,000,000,"0,34%","0,00%",
CBOP11,Lajes Corporativas,4208,"17,44%","14,81%",57,59.543.200,34.634,1,"3.583,72",26200,"7,31%","37,31%","Avenida Marcos Penteado Ulhôa Rodrigues, 939, Tamboré, Barueri - SP"
CCME11,Outros,9960,"3,45%","3,52%",99,248.510.000,1.241,0,000,000,"0,00%","0,00%",
CCRF11,Títulos e Val. Mob.,8564,"8,86%","13,80%",90,134.618.000,2.993,0,000,000,"0,00%","0,00%",
CEOC11,Lajes Corporativas,5458,"10,88%","11,27%",69,99.100.700,43.135,1,"7.685,92",99759,"12,98%","0,00%","Avenida Joao Cabral De Mello Neto, 850, 2º, 3º, 4º, 8º, 9º,10º,11º E 12º Andares, Barra Da Tijuca, Rio De Janeiro/RJ, Brasil, 22775-057"
CNES11,Lajes Corporativas,3000,"4,25%","4,22%",34,88.477.400,3.371,1,"1.270,10",17978,"14,15%","54,60%","Avenida Maria Coelho Aguiar, 215, Jardim Sao Luis, Sao Paulo/SP, Brasil, 05805-000"
CORM11,Híbrido,8100,"11,44%","5,90%",96,82.402.600,0,3,"7.561,03",73400,"9,71%","0,00%","Avenida Alfredo Egidio De Souza Aranha, 145, Edifício Souza Aranha Ii, Vila Cruzeiro, Sao Paulo/SP, Brasil, 04726-170,Avenida Alfredo Egidio De Souza Aranha, 145, Edifício Souza Aranha I, Vila Cruzeiro, Sao Paulo/SP, Brasil, 04726-170,Avenida Independencia, 565, Imóvel Porto Alegre, Independência, Porto Alegre/RS, Brasil, 00090-035"
CPFF11,Títulos e Val. Mob.,6016,"16,71%","11,63%",78,153.593.000,317.643,0,000,000,"0,00%","0,00%",
CPTS11,Títulos e Val. Mob.,7857,"0,75%","14,21%",89,2.497.180.000,6.119.760,0,000,000,"0,00%","0,00%",
CRFF11,Títulos e Val. Mob.,6392,"11,24%","11,24%",78,44.107.400,7.976,0,000,000,"0,00%","0,00%",
CTXT11,Lajes Corporativas,1139,"-18,74%","0,00%",33,35.942.200,3.520,1,75955,601,"0,79%","98,24%",Av. Roberto Zuccolo nº 555 Vila Leopoldina
CVBI11,Títulos e Val. Mob.,8988,"13,55%","13,79%",96,989.599.000,2.341.740,0,000,000,"0,00%","0,00%",
CXAG11,Outros,7639,"10,53%","11,07%",67,159.703.000,109.221,32,"2.769,94",32572,"11,76%","0,00%","R. 7 DE SETEMBRO 1231, CACHOEIRA DO SUL - RS,R DR SANTOS, 103, MONTES CLAROS - MG,R JOSE ALBERTO PELUCIO, 63, BAEPENDI - MG,R CARVALHO DE SOUSA, 283, RIO DE JANEIRO - RJ,R DR LUCIO MALTA, 585, JACAREÍ - SP,R GAL BENTO MARTINS, 2926, URUGUAIANA - RS,R JACARANDA, 499, IPATINGA - MG,R JULIO DE CASTILHOS, 189, SANTA CRUZ DO SUL - RS,AV CESARIO DE MELO, 3166, RIO DE JANEIRO - RJ,R SAO JOSE, 667, PIRACICABA - SP,AV PARAGUASSU, 1725, CAPÃO DA CANOA - RS,R JULIO DE CASTILHOS, 915, OSÓRIO - RS,AV BRIG.LUIS ANTONIO, 900, SÃO PAULO - SP,R DR SIQUEIRA, 342, MAGÉ - RJ,AV TIRADENTES, 387, ARAGUARI - MG,R JULIO DE CASTILHOS, 1029, LAJEADO - RS,AV NOSSA SENHORA DE COPACABANA, 427, RIO DE JANEIRO - RJ,AV PEDRO II, 244, SÃO LOURENÇO - MG,PC GIOVANI BREDA, 1916, SÃO BERNARDO DO CAMPO - SP,R VER. MARINHO HEMETERIO OLIVEIRA, 80, QUEIMADOS - RJ,R CEL. HORACIO ALVES PEREIRA, 225, ELÓI MENDES - MG,R QUINZE DE NOVEMBRO, 570, PELOTAS - RS,AV OSVALDO ARANHA, 1316, PORTO ALEGRE - RS,AV BARAO DO RIO BRANCO, 2340, JUIZ DE FORA - MG,PC APRIGIO DE TOLEDO, 16, ATIBAIA - SP,AV RUI BARBOSA, 790, MACAÉ - RJ,AV DANIEL JARDIM DE GRISOLIA, 117, ITABIRA - MG,R CEL FALKENBACH, 951, SOLEDADE - RS,AV TERESOPOLIS, 3235, PORTO ALEGRE - RS,R MIGUEL PRISCO, 40, RIBEIRÃO PIRES - SP,R COMERCIO, 660, FREDERICO WESTPHALEN - RS,AV DOM HELDER CAMARA, 5.809, RIO DE JANEIRO - RJ"
CXCE11B,Lajes Corporativas,3998,"11,79%","11,43%",61,68.483.700,15.485,1,"3.239,55",42465,"13,11%","0,00%","Av Presidente Vargas, 2655, Centro, Rio de Janeiro - RJ"
CXCI11,Títulos e Val. Mob.,7610,"2,74%","10,48%",84,156.593.000,97.489,0,000,000,"0,00%","0,00%",
CXCO11,Lajes Corporativas,6941,"12,60%","12,34%",70,272.400.000,156.074,10,"2.926,95",39152,"13,38%","0,00%","Rua Pouso Alegre, nº2.342, CEP 31010-514, Belo Horizonte, MG,Rua José Loureiro, nº195, CEP 80010-000, Curitiba, PR,Rua Barão de Melgaço, nº 3465, CEP 78005-300, Cuiabá, MT,Rua Bento Gonçalves, nº2463, CEP 93510-365, Novo Hamburgo, RS,Av Brasil, nº6.266, CEP 85810-000, Cascavel, PR,Rua 7 de setembro, nº1314, CEP 89010-204, BLUMENAU, SC,Rua dos Andradas, nº1000, CEP 90020-007, Porto Alegre, RS,Av Julio de Castilhos, nº1358, CEP 95010-000, Caxias do Sul, RS,Setor Bancario Sul, Quadra 1 Bloco L, PJ, nº28, CEP 70070-927, Brasília, DF,Av do contorno, nº8256, CEP 30170-050, Belo Horizonte, MG"
CXRI11,Títulos e Val. Mob.,6135,"11,33%","10,76%",76,96.672.900,15.590,0,000,000,"0,00%","0,00%",
CXTL11,Logística,39000,"1,54%","38,38%",82,20.902.800,6.521,1,"2.443,91",31159,"12,75%","0,00%","Rua Projetada A, 240, Distrito Industrial - Duque de Caxias/RJ"
DCRA11,Títulos e Val. Mob.,920,"8,60%","14,90%",96,62.177.500,231.098,0,000,000,"0,00%","0,00%",
DEVA11,Títulos e Val. Mob.,8690,"9,39%","15,10%",86,1.220.500.000,2.560.620,0,000,000,"0,00%","0,00%",
DRIT11B,Lajes Corporativas,8600,"8,79%","8,45%",65,39.841.800,281,6,"7.960,36",87455,"10,99%","7,79%","RUA JAMES JOULE, 65, SÃO PAULO - SP,AV DAS NAÇÕES UNIDAS, 19707, SÃO PAULO - SP,AV BRIGADEIRO FARIA LIMA, 1306, SÃO PAULO - SP,RUA DO RÓCIO, 350, SÃO PAULO - SP,ALAMEDA SANTOS, 787, SÃO PAULO - SP,RUA RAMOS BATISTA, 198, SÃO PAULO - SP"
DVFF11,Híbrido,6937,"6,02%","10,70%",79,76.372.900,22.780,0,000,000,"0,00%","0,00%",
EDGA11,Lajes Corporativas,2001,"8,12%","7,87%",33,76.279.200,29.552,1,"3.030,55",41999,"13,86%","42,64%","Rua Da Quitanda, 86, Sem Complemento, Centro, Rio De Janeiro/RJ, Brasil, 00020-091"
ELDO11B,Shoppings,"1.104,31","8,97%","3,41%",77,869.375.000,0,1,"11.433,00","1.231,51","10,77%","1,93%","Av. Rebouças, 3970, Pinheiros, São Paulo - SP"
EQIR11,Títulos e Val. Mob.,900,"12,38%","14,55%",93,45.225.000,39.015,0,000,000,"0,00%","0,00%",
ERPA11,Lajes Corporativas,12396,"3,67%","4,73%",90,62.094.300,14.254,1,"18.390,10","1.032,54","5,61%","0,00%","Avenida Europa, 105 - Jardim Paulista"
EURO11,Logística,23747,"9,51%","9,11%",73,91.173.300,79.354,7,77064,8045,"10,44%","0,00%","Rua Comandante Vergueiro da Cruz, 206,Rodovia Anhanguera , S/N KM 17,5,Av. Interlagos, 4455,Rodovia Anhanguera, s/n km 17,5,Av. Interlagos, 4.455,Rua Sargento Aquino, 136,Rua Sargento Aquino, 135/Rua Comandante Vergueiro da Cruz, 206"
EVBI11,Híbrido,9389,"8,09%","9,49%",94,157.104.000,25.041,8,"4.910,55",33437,"6,81%","0,00%","RUA PROFESSOR LUCAS GARZES, 2435, SÃO PAULO/ SP,Avenida das Américas nº 6205 - Rio de Janeiro, - RJ,Rua Augusto Tolle,Rua Pompeu Vairo, 200/300, São Paulo/SP,Rua Joaquim Nabuco, 374,Av. São Camilo,RUA PROFESSOR LUCAS GARZES, 2401, SÃO PAULO/ SP,Rua Tito, nº 671 - Bairro Vila Romana - São Paulo - SP"
FAED11,Outros,14800,"12,10%","12,20%",68,95.040.900,51.685,3,"2.500,45",32084,"12,83%","0,00%","Rua Waldemar Silenci, 340, Sem Complemento, Cidade Jardim, Leme/SP, Brasil, 13614-370,Rodovia Regis Bittencourt, 199, Sem Complemento, Centro, Taboão Da Serra/SP, Brasil, 06768-000,Alameda Maria Tereza, 2000, Dois Córregos, Dois Córregos, Valinhos/SP, Brasil, 13278-181"
FAMB11B,Lajes Corporativas,71201,"-16,19%","0,00%",24,74.618.600,12.780,1,"1.230,13",000,"0,00%","100,00%","Avenida Almirante Barroso, 174, 1º Subsolo Até 31º Andar, Centro, Rio De Janeiro/RJ, Brasil, 20031-004"
FATN11,Híbrido,9490,"8,87%","10,59%",95,115.320.000,115.783,29,"22.743,30","1.793,04","7,88%","0,00%","Rua Funchal, 573,Rua Tabapuã, 500,Rua Gomes de Carvalho, 1108,Rua do Rócio, 351,Avenida Engenheiro Luís Carlos Berrini, 105,Rua Gomes de Carvalho, 1306,Av. Paulista, 2022,Rua Helena. 235,Av. das Nações Unidas, 11857,Rua Funchal, 513,Rua Tabapuã, 627,Rua Iaiá, 150,Av. Luiz Carlos Berrini, 1461,Rua Sansão Alves dos Santos, 76,AL. Campinas, 457,Rua Fidêncio Ramos, 100,Rua Pequetita, 215,Avenida Doutor Cardoso de Melo, 1340,Rua Arizona, 1366,Av. Dr. Cardoso de Melo, 1608,Rua Doutor Renato Paes de Barros, 717,Rua Dr. Cardoso de Melo, 1855 ,Av. Paulista, 2022,Avenida Brigadeiro Faria Lima, 1234,Avenida Presidente Juscelino Kubitschek, 1726,Avenida Paulista, 925,Rua Gomes de Carvalho, 1329,Rua do Rócio, 220,Rua Funchal, 129"
FCFL11,Outros,10900,"9,09%","8,95%",94,378.667.000,255.556,1,"12.203,10","1.182,61","9,69%","0,00%","Rua Quata, 300, Sem Complemento, Vila Olímpia, São Paulo/SP, Brasil, 04546-042"
FFCI11,Lajes Corporativas,18203,"2,32%","0,00%",87,671.817.000,0,9,"16.359,50",97104,"5,94%","22,84%","Rua da Candelária nº 65, Centro, Rio de Janeiro/RJ,Avenida Paulista, 37, São Paulo/SP,Rua Surubim, 373, Brooklin Novo, São Paulo/SP,Alameda Santos, 1.800 - Jardins,Alameda Santos, 1163, Cerqueira César, São Paulo/SP,Praia do Flamengo nº 154, Flamengo, Rio de Janeiro/RJ,Rua Olimpiadas. 205, São Paulo SP,Av. Juscelino Kubitschek, 510, Itaim Bibi, São Paulo/SP,Rua Girassol, 555  Vila Madalena"
FIGS11,Shoppings,4599,"10,35%","9,90%",60,131.072.000,125.989,2,"2.009,22",22056,"10,98%","11,12%","Av. Juscelino Kubitscheck de Oliveira, 5.308, Guarulhos - SP,Av. Bartolomeu de Castro, 230, Guarulhos - SP"
FIIB11,Híbrido,43999,"9,83%","9,46%",96,301.393.000,242.850,11,54367,5933,"10,91%","1,00%","R. D. Nelson N. Guimareaes, nº - Bairro Gloria - Joinville - SC,R. Silva Jardim, nº 0 - Bairro Atiradores-Joinville-SC,R. Alemanha, nº 0 - Bairro Gloria Joinville - SC,Rua Dona Francisca, 8.300 Distrito Industrial -.Joinville - SC,R. D. Nelson N. Guimareaes, nº - Bairro Gloria - Joinville - SC,R. Sd 40187, nº 0 - Bairro Gloria - Joinville - SC,R. Silva Jardim, nº 0 - Bairro Gloria-Joinville-SC,Rua Dr. Nelson N Guimarães, S/N - Bairro Gloria - Joinville - SC,R. Sd 40187, nº 0 - Bairro Gloria - Joinville - SC,R. Otto Berner, nº 0 - Baiiro Gloria-Joinville-SC.,R. D. Francisca, 8300 - Dist. Indl - Joinville -SC"
FIIP11B,Híbrido,14001,"11,73%","11,28%",75,129.812.000,69.684,7,"1.840,44",24769,"13,46%","0,00%","AVENIDA GENERAL DAVID -SARNOFF, Nº 4.840 - CONTAGEM  MG,RUA DR. MELLO FREIRE S/N - SÃO PAULO  SP,RUA ALFREDO PINTO Nº 91 - SÃO JOSÉ DOS PINHAIS  PR,RUA JOÃO FURLAN, S/Nº - OSASCO  SP,AV. RONAT WALTER SODRE, Nº 2.800 - IBIPORÃ - PR,AVENIDA NILO PEÇANHA Nº 296, ESQUINA COM A VIA LIGHT - NOVA IGUAÇU  RJ,RUA A , QUADRA D LOTES 11, 12 E 13 - ILHÉUS  BA"
FLCR11,Títulos e Val. Mob.,9585,"16,31%","14,71%",98,60.730.900,42.832,0,000,000,"0,00%","0,00%",
FLMA11,Híbrido,12300,"8,59%","8,31%",77,169.822.000,51.496,2,"9.644,19",91183,"9,45%","0,00%","Rua Tabapuã, 500,RUA DAS OLIMPIADAS, 205"
FLRP11,Shoppings,"1.605,00","8,08%","8,56%",88,104.697.000,9.562,1,"2.127,22",18240,"8,57%","1,33%","Rodovia Virgílio Várzea, 587 - Saco Grande II - Monte Verde - Florianópolis"
FMOF11,Lajes Corporativas,5500,"0,85%","0,81%",46,27.940.400,187,2,"1.654,58",15546,"9,40%","37,84%","Rua Júlio Gonzales, 132,Rua Julio Gonzales, 132"
FPAB11,Lajes Corporativas,13837,"14,33%","13,81%",37,103.778.000,16.896,2,"2.257,63",45296,"20,06%","29,24%","Avenida Francisco Matarazzo, 1500 ,Avenida Francisco Matarazzo, 1.500"
FPNG11,Lajes Corporativas,6862,"12,01%","11,68%",40,70.153.200,36,7,"7.733,85","1.096,02","14,17%","23,11%","Rua Tabapuã, 500,Rua Antonio de Albuquerque, 195 - Belo Horizonte MG,Rua Amazonas, 4338 - Belo Horizonte MG,Rua Paraiba, 550 25º and. Belo Horizonte MG,Rua Levindo Lopes, 258 Belo Horizonte MG,Rua Gonçalves da Guia, 8 - Itauna -MG,Rua Maria Luiza Santiago, 200 - Belo Horizonte MG"
FVBI11,Lajes Corporativas,15971,"0,00%","0,00%",0,0,0,1,000,63695,"0,00%","0,00%","Av. Brig. Faria Lima 4400, São Paulo, SP, 04551-060"
FVPQ11,Shoppings,9775,"9,89%","8,79%",51,273.715.000,49.258,1,"4.763,00",87380,"18,35%","4,40%","Av. Ayrton Senna, 3000, Barra da Tijuca, Rio de Janeiro - RJ"
GALG11,Híbrido,839,"11,52%","10,52%",90,482.302.000,400.081,5,"4.612,42",48885,"10,60%","0,00%","ESTRADA MUNICIPAL DO CAJURU, 655, São José dos Campos/SP,RODOVIA BR - 324, 13.750, SALVADOR/BA,RODOVIA PE 50, S/Nº, KM 02, Vitória de Santo Antão/PE,AV. FREDERICO AUGUSTO RITTER, 8.000, CACHOEIRINHA//RS,RUA DAVID CANABARRO S/Nº, Canoas/RS"
GAME11,Outros,877,"8,49%","14,59%",90,190.290.000,95.129,0,000,000,"0,00%","0,00%",
GCFF11,Títulos e Val. Mob.,6850,"13,18%","16,51%",86,23.194.000,24.527,0,000,000,"0,00%","0,00%",
GCRA11,Títulos e Val. Mob.,9480,"6,52%","16,30%",97,165.982.000,271.323,0,000,000,"0,00%","0,00%",
GCRI11,Títulos e Val. Mob.,9029,"12,64%","16,60%",96,107.516.000,125.417,0,000,000,"0,00%","0,00%",
GESE11B,Outros,"1.520,00","11,24%","11,26%",86,79.040.000,0,1,"6.178,75",72101,"11,67%","0,00%","Rua General Severiano, 159, Botafogo, Rio de Janeiro - RJ"
GGRC11,Logística,10455,"9,44%","10,75%",84,850.422.000,1.636.350,16,"1.082,79",11194,"10,34%","0,00%","Rua Maria Rufino dos Santos Medeiros, 201 Distrito Industrial - João Pessoa - PB,Guabirova, Pelotas - RS,LOTE C123,Rodovia Palmiro Paes de Barros, 290, Vista Alegre  Cuiabá - MT,Alameda das Aroreiras, nº 195, Casa Amarela, Betim - MG,Rua dos Portugueses,Rua Álvaro Camerin, nº 51, Distrito Industrial  Tietê - SP,Acesso pelo KM 117,5 Rodovia BR 101, Itajaí - SC,Avenida CTR Empresarial, KM 1.480 BR 497, Uberlândia-MG,Rodovia Federal BR 277, S/N KM 600+400, São Miguel do Iguaçu - PR,BR 153, nº 3469, Zona Urbana, Anápolis - GO,Rodovia BR 153, s/n, quadra AREA, lote 00C, anexo A, Jd. Paraíso I, Aparecida de Goiânia - GO,Avenida Amâncio Gaiolli, 1943 - Guarulhos - SP,Rua Antonio Felamingo, lote 6, quadra A - bairro Macuco, Valinhos-SP,Av. Maria Luiza Pompeo de Camargo, 333,Loteamento Polo Empresarial VTO Igarassu 1 - Igarassu - PE"
GSFI11,Shoppings,510,"0,00%","0,00%",36,383.510.000,42.615,0,000,000,"0,00%","0,00%",
GTWR11,Lajes Corporativas,7440,"12,32%","12,01%",79,892.800.000,674.071,3,"9.923,20","1.308,64","13,19%","0,00%","Setor de Autarquias Norte - Quadra 5 - Lote B - Brasilia / DF,Setor de Autarquias Norte - Quadra 5 - Lote B - Brasilia / DF,Setor de Autarquias Norte - Quadra 5 - Lote B - Brasilia / DF"
GWIR11,Shoppings,17599,"2,80%","0,00%",74,67.231.200,0,0,000,000,"4,21%","0,00%","Rua Manoel da Nobrega, 712, Centro, Diadema - SP"
HAAA11,Lajes Corporativas,6500,"10,55%","9,89%",73,224.575.000,1.917,2,"15.435,10","1.619,33","10,49%","16,93%","Avenida das Nações Unidas, nº 14.261  São Paulo, SP,Av. Engenheiro Luis Carlos Berrini, nº 105 - São Paulo, SP"
HABT11,Títulos e Val. Mob.,8784,"7,90%","15,56%",88,713.857.000,1.509.390,0,000,000,"0,00%","0,00%",
HBRH11,Híbrido,9209,"9,02%","8,48%",81,255.292.000,36.390,5,"8.459,79",83426,"9,86%","2,83%"," Rua Pequetita, 111, Cidade de São Paulo/SP, Av. Ayrton Senna, 2.500, Barra da Tijuca, na Cidade do Rio de Janeiro/RJ, Av. Domingos Odália Filho, 301, Cidade de Osasco/SP,Avenida Armando Lombardi, 400 Rio de Janeiro - RJ, Avenida Pereira Barreto nº 1.479, São Bernardo do Campo/SP"
HCHG11,Outros,8135,"6,47%","13,79%",80,97.620.000,18.223,0,000,000,"0,00%","0,00%",
HCRI11,Hospital,23899,"8,35%","8,22%",78,47.798.000,42.250,1,"8.671,90","1.178,82","13,59%","0,00%","Rua Das Perobas, 344, Vila Parque Jabaquara, São Paulo/SP, Brasil, 04321-120"
HCTR11,Títulos e Val. Mob.,8720,"10,84%","17,62%",72,1.925.740.000,4.939.830,0,000,000,"0,00%","0,00%",
HFOF11,Títulos e Val. Mob.,6500,"11,63%","11,25%",82,1.495.780.000,1.590.270,0,000,000,"0,00%","0,00%",
HGBS11,Shoppings,17878,"9,05%","8,83%",81,1.787.800.000,1.737.400,12,"3.501,57",31991,"9,14%","4,77%","Av. Francisco Matarazzo s/n, Bloco B, São Paulo - SP,R Dr. João Ribeiro, 304 - Penha de França, São Paulo - SP,Rua Cap. Pacheco e Chaves, 313 - Mooca, São Paulo - SP,Av. Rio Negro, 1.100, Franca - SP,Rua Sete de Setembro, 555 , Suzano - SP,Rua Manoel da Nobrega, 712, Centro, Diadema - SP,Rua Conselheiro Moreira de Barros, 2.780, São Paulo - SP,Av. José Monteiro Figueiredo, 500 - Duque de Caxias, Cuiabá - MT,Av. Santa Barbara, 777 - Vila Mollon IV, Santa Bárbara D Oeste - SP,Av. das Nações Unidas, 4777, São Paulo - SP,Av. Rotary, 624 - Centro, São Bernardo do Campo - SP,BR-116, 236 - Rio Branco, Novo Hamburgo - RS"
HGFF11,Títulos e Val. Mob.,6881,"11,70%","11,06%",81,197.044.000,537.673,0,000,000,"0,00%","0,00%",
HGIC11,Títulos e Val. Mob.,10000,"4,21%","12,20%",87,46.270.700,15.408,0,000,000,"0,00%","0,00%",
HGJH11,Lajes Corporativas,19129,"8,87%","0,00%",64,335.342.000,0,2,"26.470,10","2.561,57","9,68%","0,00%","Rua Amauri, 255 - São Paulo - SP,Rua Jerônimo da Veiga, 384 - São Paulo - SP"
HGPO11,Lajes Corporativas,24674,"6,87%","7,29%",82,432.549.000,470.518,2,"34.143,10","2.561,57","7,50%","0,00%","Rua Jerônimo da Veiga, 384 - São Paulo - SP,Rua Amauri, 255 - São Paulo - SP"
HGRE11,Lajes Corporativas,10987,"6,20%","8,67%",70,1.298.420.000,2.265.780,19,"6.556,24",54081,"8,25%","21,89%","Rua Antônio das Chagas, 1.657 - São Paulo - SP,Avenida Braz Leme, 1.000 - São Paulo - SP,Rua José Lari e Rua Pedro Mari, Lotes 13 a 23 - Taboão da Serra - SP,Alameda Campinas, 1.070 - São Paulo - SP,Av Dr Chucri Zaidan, 2460 - São Paulo - SP,Rodovia Dom Pedro I, Km 69 - Atibaia - SP,Avenida Eng. Carlos Berrini, 105 - São Paulo - SP,Rua Verbo Divino, 1.488 - São Paulo - SP,Rua Martiniano de Carvalho, 851 - São Paulo - SP,Rua Flórida, 1.595 - São Paulo - SP,Avenida Brigadeiro Faria Lima, 1.355 - São Paulo - SP,Av. Dolores Alcaraz Caldas, 90 - Porto Alegre - RS,Av. Presidente Vargas, 3.131 - Rio de Janeiro - RJ,Rua Francisco Nunes, 1.395 - Curitiba - PR,Rua Lauro Muller, 116 - Rio de Janeiro - RJ,Rua Alegria, 86 - São Paulo - SP,Avenida Marcos Penteado Ulhôa Rodrigues, 939 - Barueri - SP,Avenida das Nações Unidas, 11.633 - São Paulo - SP,Av. Maria Coelho Aguiar, 215 - São Paulo - SP"
HGRU11,Híbrido,11570,"8,28%","9,79%",94,2.129.630.000,3.551.380,73,"4.236,14",39043,"9,22%","0,00%","Rod. Raposo Tavares, 23.033, Granja Viana, SP,Rua Marechal Deodoro, 2785, Ferrazópolis, SP,Av. Bandeirantes, 892, Bandeirantes, PR,R. Dr. Pinheiro, 294/312, Itapeva, SP,R. Xv De Novembro, 0352, Paranaguá, PR,Estrada do Ribeira, 144, Atuba, PR,Rod. Melo Peixoto, 1314 - BR 369 - Km.159, Pq.Maracanã, Cambé, PR,R. Treze De Maio, 0186, Amparo, SP,Av. Condessa D Vimieiros, 17, Itanhaém, SP,Praça Rui Barbosa, 157, Olímpia, SP,R. Dr. Ataliba Leonel, 671, Taquarituba, SP,Av. Coronel Cacildo Arantes, 50, Parque Hiléia, Uberaba, MG,Av. Moisés Lupion, 610, Goioerê, PR,R. São Luiz, 693, Marília, SP,Rod. BR 230 - Km. 27, s/nº , Esplanada, João Pessoa, PB,Rua Sete de Setembro, 608 e 617, Piraju, SP,R. Vinte E Um De Abril, 162, Lins, SP,R. General Osório, 323, Ribeirão Preto, SP,Av. Paraná, 4195, Conjunto A, Foz do Iguaçu, PR,Av. Armando Lombardi, 940, Barra da Tijuca, RJ,Praça Attilio De Almeida Barbosa, 1156, Campo Largo, PR,Av. Dr. Soares De Oliveira, 280 e 272, 282 e 284 e Rua Dr. Getúlio Vargas, 305, Ituverava, SP,R. Governador Pedro De Toledo, 1162, Piracicaba, SP,Av. Professor Francisco Morato, 2585, Butantã, SP,Av. Angélica, 2563, Bela Vista, SP,R. Um De Março, 129, Barra Bonita, SP,R. José Bonifácio, 48, Itapira, SP,R. Presidente Antonio Carlos, 160, Passos, MG,Rod. Curitiba Ponta Grossa, km 65, Barigui, PR,Rua Miguel Petroni, 5.170, D.F. Embare Cabeceira do Can Can, São Carlos, SP,R. Dr. Gabriel Rib. Dos Santos, 40, Apiaí, SP,Ladeira Capitão Moraes, 49, Itapecerica da Serra, SP,R. Antonio Agu, 126/136, Osasco, SP,Praça Da Matriz, 106, Tatuí, SP,Rod. BR 050 Km 73, nº 7085, Fazenda Buriti, Uberlândia, MG,R. Dez, 482, Guaíra, SP,Av. Barão De Mauá, 74, Mauá, SP,Av.Garcia Rodrigues Paes(Acesso Norte),s/n-Área C4, Joquei Clube II, Juiz de Fora, MG,Av. Dr. Jorge Tibiriça, 565, Cruzeiro, SP,Praça Antonio Carlos, 190, Machado, MG,Praça Capitão Vicente Dias, 135, São José Do Rio Pardo, SP,Av. Imperatriz Leopoldina, 550, Vila Leopoldina, São Paulo, SP,Av. Joaquina Ramalho, 340, Vila Guilherme, SP,R. Floriano Peixoto, 575, Capão Bonito, SP,Av. Brasil, 1400, Ivaiporã, PR,R. Assis Figueiredo, 1422, Poços de Caldas, MG,Rua Padre Adelino, 685, Belém, SP,Rua Quatá, 67, Vila Olímpia, São Paulo, SP,R. Vinte, 776, Barretos, SP,Rua Amazonas Ribas, 402 e R. São Pedro, 1213, Itararé, SP,Av. Brasil, 1168, Pereira Barreto, SP,Rod. Dom Pedro I, km 132, Parque Imperador, SP,Av. Jabaquara, 2979, Mirandópolis, SP,R. Rui Barbosa, 0226, Araguari, MG,R. Campos Sales, 703, Itapetininga, SP,Praça Bom Jesus, 154, Palmas, PR,Av. Horácio Klabin, 205 e 215, Telêmaco Borba , PR,Av. Rio Branco, 511, Adamantina, SP,Av. Paraná, Esq. R. D. Pedro Ii, 112, Ibiporã, PR,R. Nove De Julho, 1223, Mirandópolis, SP,Rua Lúcia Viveiros, 4511, Neópolis, Natal, RN,Av. Presidente Roosevelt, 902, Dracena, SP,Av. Rio Grande Do Sul, 671, Marechal Cândido Rondon, PR,Av. Mate Laranjeiras, 496, Guaíra - PR, PR,Rod. Fernão Dias, 3700 - Km 3,5, Riacho Pedras, Contagem, MG,Av. Rui Barbosa, 447, Carapicuíba, SP,R. Bar"
HLOG11,Logística,8367,"9,99%","9,25%",72,355.598.000,41.687,5,"1.745,83",20407,"11,69%","1,26%","Rua Citlog, 333, Bairro Aeroporto, Varginha - MG,Rua Costa Barros, 3089, Vila Prudente, São Paulo - SP,Rodovia Engenheiro Ermínio de Oliveira Penteado, SP-073, Salto - SP,Galpão na Rodovia Miguel Melhado Campos, SP-324, Km 81,5, Itupeva - SP"
HMOC11,Shoppings,22695,"2,17%","0,00%",95,86.698.800,0,0,000,000,"3,27%","0,00%","Rua Manoel da Nobrega, 712, Centro, Diadema - SP"
HOFC11,Lajes Corporativas,2382,"15,18%","11,25%",26,90.015.800,138.457,4,"2.035,68",49597,"24,36%","40,29%","Rua Bela Cintra, 986, São Paulo - SP,Av. Morumbi, 8.234, São Paulo - SP,Alameda Santos, nº 1.039, São Paulo - SP,Av. das Nações Unidas, 17.891, São Paulo - SP"
HOSI11,Híbrido,6215,"8,97%","9,53%",67,35.639.900,417.057,0,000,000,"0,00%","0,00%",
HPDP11,Shoppings,7300,"7,81%","7,45%",82,212.343.000,1.725,1,"1.667,33",14178,"8,50%","0,88%","Av. Guilherme Campos 500, Campinas - SP"
HRDF11,Híbrido,093,"-0,80%","0,00%",75,7.056.030,327,0,000,000,"0,00%","0,00%",
HREC11,Títulos e Val. Mob.,7530,"14,01%","15,67%",85,388.304.000,538.647,0,000,000,"0,00%","0,00%",
HSAF11,Títulos e Val. Mob.,7590,"11,42%","15,58%",83,191.751.000,388.479,0,000,000,"0,00%","0,00%",
HSLG11,Logística,7730,"8,83%","10,46%",74,978.623.000,634.690,5,"2.007,82",19344,"9,63%","0,38%","Rodovia Coronel PM Nelson Tranchesi, números 740 e 990, no município de Itapevi, Estado de São Paulo,Rod. BR 116 (Contorno Leste), nº 7000, no município de São José dos Pinhais, Estado do Paraná,,Avenida Comendador Masatoshi Shinmyo, nº 300, no município de Arujá, estado de São Paulo,Avenida Torquato Tapajós, 5709 - Novo Israel, Manaus - AM,Rodovia Municipal Vereador Joaquim Costa, nº 2000, no município de Contagem, Estado de Minas Gerais"
HSML11,Shoppings,7950,"10,15%","9,94%",82,1.254.560.000,2.213.510,7,"8.255,79",70169,"8,50%","4,20%","Estrada da Floresta, 2320, CEP: 69912900, Floresta Sul, Rio Branco - AC,Avenida Luiz Viana, nº 8544, CEP 41730-101 - Alphaville - Salvador, BA,Av. dos Autonomistas, 1828 - Industrial Autonomistas, Osasco - SP, 06020-010,Av. Menino Marcelo, 3800 - Cidade Universitária, Maceió - AL, 57073-900,Rodovia Raposo Tavares, Km 23, CEP: 06709-015 Lageadinho - Cotia/SP ,Av. Santa Beatriz da Silva, 1501 - São Benedito Uberaba MG,Rua Paranabi, 218-224, CEP: 02307120, Tucuruvi, São Paulo-SP"
HTMX11,Hotel,10797,"9,21%","6,03%",78,162.423.000,287.210,24,"4.662,83",30826,"6,61%","0,00%","Av. Jandira 501, 107, São Paulo, SP, 04080-001,Rua Bandeira Paulista 555, 107, São Paulo, SP, 04532-011,R. Manuel Guedes 320, 107, São Paulo, SP, 04536-070,Av. Ibirapuera 2577, 107, São Paulo, SP, 04029-200,Rua Iguatemi 150, 107, São Paulo, SP, 01451-010,Av Roque Petroni Jr. 801, 107, São Paulo, SP, 04707-055,Av. Nove de Julho 3957, 107, São Paulo, SP, 01407-000,Rua Fernandes Moreira 1293, 107, São Paulo, SP, 04716-003,Rua Heinrich Hertz 14, 107, São Paulo, SP, 04575-000,Av. Eng. Luís Carlos Berrini 853, 107, São Paulo, SP, 04571-000,Rua João Cachoeira 111, 107, São Paulo, SP, 04535-010,Av. Briga Faria Lima 3989, 107, São Paulo, SP, 04538-133,Rua Fernandes Moreira 1371, 107, São Paulo, SP, 04716-003,Av. Paulista 2355, 107, São Paulo, SP, 01311-300,Rua da Consolação 2303, 107, São Paulo, SP, 01301-100,Rua Guararapes 1889, 107, São Paulo, SP, 04561-004,Alameda Campinas 540, 107, São Paulo, SP, 01404-000,R. Funchal 281, 107, São Paulo, SP, 04551-060,Rua Quintana 963, 107, São Paulo, SP, 04569-011,Rua Vergueiro 2740, 107, São Paulo, SP, 04102-001,Rua Haddok Lobo 294, 107, São Paulo, SP, 01414-000,Rua Tavares Cabral 61, 107, São Paulo, SP, 54223-030,Rua Baronesa de Bela Vista, 801, Vila Congonhas, São Paulo, SP, 04612-002,Rua Arizona 1517, 107, São Paulo, SP, 04567-010"
HUCG11,Hospital,6600,"9,04%","9,58%",65,74.052.000,7.105,2,"1.115,46",000,"0,00%","0,00%","Rua Denise Alves de Medeiros Campina Grande - Paraíba,Rua Denise Alves de Medeiros Campina Grande - Paraíba"
HUSC11,Outros,10000,"10,30%","10,02%",68,79.461.300,6.419,1,"1.070,35",13803,"12,90%","0,00%","Rodovia Cachoeiro - Safra BR 482 - Km 05, Bairro: Fazenda União - Cachoeiro do Itapemerim/ES"
IAGR11,Títulos e Val. Mob.,9848,"9,58%","1,36%",95,24.191.700,9.610,0,000,000,"0,00%","0,00%",
IBCR11,Títulos e Val. Mob.,7700,"11,71%","17,47%",82,73.798.600,205.836,0,000,000,"0,00%","0,00%",
IBFF11,Títulos e Val. Mob.,6640,"8,28%","3,68%",93,44.267.600,0,0,000,000,"0,00%","0,00%",
IDFI11,Híbrido,5381,"15,44%","88,12%",97,110.737.000,3.128,1,000,000,"0,00%","0,00%",
IFIE11,Títulos e Val. Mob.,7198,"14,26%","0,00%",95,64.817.600,0,0,000,000,"0,00%","0,00%",
IRDM11,Títulos e Val. Mob.,9035,"12,00%","14,29%",98,3.291.800.000,4.940.610,0,000,000,"0,00%","0,00%",
IRIM11,Híbrido,9190,"11,96%","15,95%",94,176.448.000,54.213,0,000,000,"0,00%","0,00%",
ITIP11,Títulos e Val. Mob.,7599,"21,85%","14,02%",95,56.852.000,65.743,0,000,000,"0,00%","0,00%",
ITIT11,Títulos e Val. Mob.,7420,"13,83%","9,23%",98,66.816.700,56.339,0,000,000,"0,00%","0,00%",
JASC11,Outros,10100,"2,23%","2,59%",86,183.849.000,2,6,"9.146,66",988,"0,11%","0,00%","Avenida Sargento Hermínio, Ceara,Av. 13 de maio, 755, Bairro de Fátima - Fortaleza - CE,Av Deputado Oswaldo Studart com a Treze de Maio, cidade de Fortaleza, estado do Ceará,Avenida Godofredo Maciel, nº 2.560,Av. Washington Soares, 3535, Bairro: Edson Queiroz/ Fortaleza-CE,Avenida Sargento Hermínio, Ceara"
JFLL11,Residencial,5900,"19,65%","12,61%",58,88.535.300,96.920,2,"5.963,94","1.258,94","21,11%","39,05%","Av. Dr. Cardoso de Melo, 699, Vila Olímpia, São Paulo  SP,Av. Eusébio Matoso, 218 - Pinheiros, São Paulo - SP"
JGPX11,Híbrido,9545,"10,81%","13,48%",99,80.950.900,179.435,0,000,000,"0,00%","0,00%",
JPPC11,Híbrido,13000,"-5,80%","5,24%",36,7.150.000,344,0,000,000,"0,00%","0,00%",
JRDM11,Shoppings,7849,"8,26%","9,12%",88,198.028.000,25.738,1,"6.786,78",69164,"10,19%","1,20%","Avenida Giovanni Gronchi, 5819, Vila Andrade, São Paulo/SP, Brasil, 05724-003"
JSAF11,Títulos e Val. Mob.,7810,"11,84%","12,95%",85,122.855.000,382.019,0,000,000,"0,00%","0,00%",
JSRE11,Híbrido,6324,"9,13%","9,19%",56,1.313.330.000,2.318.120,6,"11.103,60","1.192,72","10,74%","8,84%","Av. Das Nações Unidas, 14171, São Paulo - SP,Av. Das Nações Unidas, 14171, São Paulo - SP,Av. Jornalista Roberto Marinho, 85, Cidade Monções, Sao Paulo - SP,Praia de Botafogo, 440, Botafogo, Rio de Janeiro - RJ,Av. Paulista, 2064, Bela Vista, São Paulo - SP,Rua Eugênio de Medeiros, 303, Pinheiros, São Paulo - SP"
KCRE11,Títulos e Val. Mob.,9155,"8,81%","8,23%",94,329.580.000,540.706,0,000,000,"0,00%","0,00%",
KFOF11,Títulos e Val. Mob.,7781,"11,10%","10,77%",88,352.737.000,804.519,0,000,000,"0,00%","0,00%",
KISU11,Títulos e Val. Mob.,794,"11,49%","11,34%",93,350.917.000,804.458,0,000,000,"0,00%","0,00%",
KIVO11,Títulos e Val. Mob.,8701,"9,24%","16,59%",90,105.728.000,188.564,0,000,000,"0,00%","0,00%",
KNCR11,Títulos e Val. Mob.,9877,"8,09%","13,36%",98,5.639.480.000,10.642.100,0,000,000,"0,00%","0,00%",
KNHY11,Títulos e Val. Mob.,9665,"9,47%","13,08%",99,1.787.140.000,2.426.780,0,000,000,"0,00%","0,00%",
KNIP11,Títulos e Val. Mob.,9099,"5,78%","12,88%",97,7.286.310.000,7.389.110,0,000,000,"0,00%","0,00%",
KNRE11,Residencial,066,"53,50%","47,55%",87,12.241.100,9.739,0,000,000,"0,00%","0,00%",
KNRI11,Híbrido,13657,"7,98%","7,81%",85,3.299.140.000,3.052.420,20,"4.109,37",34599,"8,42%","0,10%","Estrada da Lama Preta, 2.805, Santa Cruz, Rio de Janeiro - RJ,Rua do Níquel, 205, Parque Industrial, Itaquaquecetuba - SP,Rua Buenos Aires, 15, Centro, Rio de Janeiro - RJ,Rodovia Vice Prefeito Hermenegildo Tonolli, km 2, Jundiaí - SP,Rua Gomes de Carvalho, 1.195, Vila Olimpia, São Paulo - SP,Rua Diogo Moreira, 184, São Paulo - SP,Rua Dr. Fernandes Coelho, 64, Pinheiros, São Paulo - SP,Rodovia Mogi-Dutra (SP-088), 11.100 (km 41,4), Mogi das Cruzes - SP,Rodovia dos Bandeirantes, km 69, Louveira - SP,Avenida Parque Industrial, 580, Sumaré - SP,Rua Voluntários da Pátria, 113, Botafogo, Rio de Janeiro - RJ,Av. Nações Unidas, 14.171 , São Paulo - SP,Rua Joaquim Floriano, 913, Itaim Bibi, São Paulo - SP,Avenida Paulista, 2.421, Bela Vista, São Paulo - SP,Rodovia Fernão Dias, km 863, Algodão, Pouso Alegre - MG,Rod. Dom Gabriel Paulino Bueno Couto, km 82 - Cabreúva - SP28,42,Avenida dos Andradas, 3000, Santa Efigênia, Belo Horizonte - MG,Avenida Caminho de Goiás, 100, Rodovia Anhanguera, km 66, Jundiaí - SP,Rua Humaitá, 275, Humaitá, Rio de Janeiro - RJ,Avenida Presidente Juscelino Kubitschek, 1.830, São Paulo - SP"
KNSC11,Títulos e Val. Mob.,8618,"8,21%","12,54%",98,1.144.110.000,3.914.460,0,000,000,"0,00%","0,00%",
LASC11,Shoppings,10500,"7,16%","7,89%",99,308.731.000,3.856,2,"4.106,45",34437,"8,39%","2,68%","Avenida Visc. de Souza Franco, 776 - Reduto, Belém - PA, 66053-0,Avenida, Dr. Silvio Bastos Tavares, 330 - Parque dos Rodoviários, Campos dos Goytacazes - RJ, 28051-250"
LATR11B,Residencial,1000,"-15,56%","0,00%",93,1.241.040,0,0,000,000,"0,00%","0,00%","Rua Santa Isabel, nº 272, Higienópolis, São Paulo - SP"
LGCP11,Logística,7499,"14,81%","9,74%",73,204.937.000,219.740,5,"2.520,22",38499,"15,28%","0,33%","Rod BR 153, S/N Compl. KM 5.5 QD CH LT SALA 01- Bairro Fazenda Retiro CEP: 74.620-430 Goiânia  GO ,RUA SIMAO ANTONIO, 255  CINCAO CEP: 32.371-610 - CONTAGEM  MG,AV. BRASIL, n.41.432 LOT 1 PARTE 2 PAL 48862 LOT 1 PARTE 1 PAL 48862 Bairro CAMPO GRANDE - Rio de Janeiro - RJ- CEP: 23.078-001,RUA AMÂNCIO GAIOLLI, 426 - ÁGUA CHATA CEP:07.251-250 - GUARULHOS - SP,RODOVIA BR 262, nº 222 VILA BETANIA CEP: 29.136-930 VIANA/ES"
LSPA11,Outros,10733,"12,43%","6,40%",94,43.415.000,0,0,000,000,"0,00%","0,00%",
LUGG11,Residencial,7161,"11,55%","9,20%",61,80.969.900,21.511,4,"3.533,51",56488,"15,99%","1,23%","Rua das Espatodias 610, Marajó - Belo Horizonte - MG,Rua Casemiro Augusto Rodacki, 289, Cidade Industrial - Curitiba - PR,Rua Capitão João Zaleski, 842, Lindoia - Curitiba - PR,Rua Santa Maria Rosselo, 180, Mansões Santo Antonio - Campinas - SP"
LVBI11,Logística,9431,"9,63%","9,37%",82,1.110.520.000,2.102.400,9,"2.761,23",29196,"10,57%","0,51%","Rodovia Anhanguera, km 43, Cajamar, São Paulo,Avenida Portugal, 400, Itaqui, Itapevi/SP, Brasil, 06696-060,Avenida Papa João XXIII, 3059, Loteamento Industrial Coral, Maua/SP, Brasil, 09370-800,Avenida Juiz Marco Tulio Isaac, 7001, Riacho Da Areia, Betim/MG, Brasil, 32671-072,Rua Manoel Borba Gato, 100, Esplanada Das Bandeiras, Guarulhos/SP, Brasil, 07044-220,Estrada Dos Alpes, 320, Jandira, Barueri/SP, Brasil, 00006-423,Rua Pedro De Alcantara Meira, 1001, Fazenda Velha, Araucaria/PR, Brasil, 83704-530,Rodovia Fernão Dias, KM 947.5, Extrema, MG, 37640-000,Avenida Mutinga 4935, Bairro Pirituba, Pirituba, São Paulo/SP, Brasil, 05110-903"
MALL11,Shoppings,9898,"14,85%","9,12%",82,903.159.000,1.444.710,9,"3.573,52",49889,"13,96%","3,67%",":R. Jacy Teixeira de Camargo, 940 - Jardim do Lago, Campinas - SP, 13050-913,Av. Gov. Agamenon Magalhães, 153 - Santo Amaro, Recife - PE, 50110-000,Rod. dos Metalúrgicos, 1189 - São Geraldo, Volta Redonda - RJ, 27253-005,Av. Comendador Gustavo Paiva, 2990 - Mangabeiras, Maceió - AL, 57032-901,R. Sete de Setembro, 555 - Jardim dos Ipês, Suzano - SP, 08674-210,Estrada do Portela, nº 222, Madureira, Rio de Janeiro - RJ,Av. João Durval Carneiro, 3665, Caseb - Feira de Santana - BA,Rod. Régis Bittencourt, 2643, Jardim Helena - Taboão da Serra - SP,Av. Henrique Terra, 1700 - Palmeiras, Cabo Frio - RJ, 28911-320"
MATV11,Títulos e Val. Mob.,8011,"10,97%","15,90%",88,34.124.300,10.598,0,000,000,"0,00%","0,00%",
MAXR11,Híbrido,6353,"12,73%","11,37%",51,71.512.900,191.720,9,"1.199,18",18389,"15,33%","6,82%","Parque Solon De Lucena, 563, Matriculas 1832 / 26236 / 26285, Centro, João Pessoa/PB, Brasil, 58013-131,Csa 1 Lote 02/17, 01, Lotes 02,03,04,16,17 - Csa 01 - Quadra D, Taguatinga Sul (taguatinga), Brasília/DF, Brasil, 72015-902,Av. Duque De Caxias / Avenida Da Paz, 1792, Centro, Maceio/AL, Brasil, 57020-440,Avenida Presidente Vargas, 940, Campina, Belém/PA, Brasil, 66017-000,Csa 1 Lote 02/17, 01, Lotes 02,03,04,16,17 - Csa 01 - Quadra D, Taguatinga Sul (taguatinga), Brasília/DF, Brasil, 72015-902,Avenida Eduardo Ribeiro, 442, Centro, Manaus/AM, Brasil, 69010-000,Quadra 13, 13, Lotes 18 E 19 Scs - Sc/sul, Del Lago I (itapoã), Brasília/DF, Brasil, 71591-215,Avenida Princesa Isabel, 475, Centro, Vitória/ES, Brasil, 29010-365,Avenida Duque De Caxias, 318, Praça 14 De Janeiro, Manaus/AM, Brasil, 69020-141"
MBRF11,Outros,67900,"19,91%","11,45%",88,69.029.900,0,2,"3.734,19",71203,"19,07%","4,34%","Avenida Rio Branco, 89, Centro, Rio de Janeiro/RJ,Rua Rio de Janeiro, 654, Belo Horizonte/MG"
MCCI11,Títulos e Val. Mob.,8570,"13,47%","14,73%",93,1.453.470.000,4.352.030,0,000,000,"0,00%","0,00%",
MCHF11,Títulos e Val. Mob.,901,"14,29%","14,47%",96,291.092.000,1.197.630,0,000,000,"0,00%","0,00%",
MFAI11,Híbrido,5642,"10,15%","13,46%",82,17.832.900,31.791,0,000,000,"0,00%","0,00%",
MFII11,Híbrido,9448,"12,04%","13,92%",92,391.799.000,272.748,6,21764,000,"0,00%","0,00%","Av. Paes de Barros, 455, Alto da Mooca, São Paulo-SP,Rua Cidade de Bagdá, 940, Jabaquara, São Paulo-SP,Av. Adélia Chohfi, 90 - Jardim Vera Cruz, São Paulo-SP,Rua Luís Gemin, Bairro Descampado, Campinas - SP,Av. Corifeu de Azevedo Marques, 3870, Butantã, São Paulo-SP,Av. Corifeu de Azevedo Marques, 3870, Butantã, São Paulo-SP"
MGCR11,Títulos e Val. Mob.,8099,"11,95%","15,88%",90,115.192.000,92.868,0,000,000,"0,00%","0,00%",
MGFF11,Títulos e Val. Mob.,5415,"11,43%","12,18%",78,490.091.000,755.589,0,000,000,"0,00%","0,00%",
MGHT11,Híbrido,5974,"12,00%","14,89%",71,78.485.500,90.548,1,"7.139,73",69791,"9,78%","0,00%","Rua Aspicuelta, 237, 245, 251 e 259, Vila Madalena, Sao Paulo/SP, Brasil, 05433-010"
MGLG11,Híbrido,4099,"9,65%","11,98%",67,77.396.300,40.210,0,000,000,"0,00%","0,00%","Rodovia Miguel Melhado Campos 79 - Vinhado/SP ,Rodovia Miguel Melhado Campos 79 - Vinhedo/SP"
MORC11,Títulos e Val. Mob.,9498,"10,94%","16,02%",97,122.709.000,237.330,0,000,000,"0,00%","0,00%",
MORE11,Títulos e Val. Mob.,6150,"12,80%","12,80%",76,142.626.000,379.815,0,000,000,"0,00%","0,00%",
NAVT11,Títulos e Val. Mob.,7150,"11,17%","13,98%",82,75.397.200,160.646,0,000,000,"0,00%","0,00%",
NCHB11,Títulos e Val. Mob.,8528,"13,21%","16,30%",95,144.800.000,362.534,0,000,000,"0,00%","0,00%",
NCRA11,Títulos e Val. Mob.,9278,"6,31%","15,64%",97,42.051.100,191.034,0,000,000,"0,00%","0,00%",
NCRI11,Títulos e Val. Mob.,950,"5,68%","1,15%",94,37.525.000,18.219,0,000,000,"0,00%","0,00%",
NEWL11,Híbrido,10087,"23,97%","11,53%",84,205.079.000,109.924,3,"2.827,33",46167,"16,33%","0,00%","Av. Jerome Case, 2600 - Soracaba,Rodovia RSC 453, nº 32503 - Caxias do Sul,Rua Iza Costa, 1104 - Goiania"
NEWU11,Híbrido,6190,"-0,72%","0,60%",90,45.929.800,7.910,3,"3.455,09",28990,"8,39%","47,02%","Rua Padre Carapueiro, 733, Boa Viagem - PE,Avenida Trancedo Neves, 450 - Caminho das Árvores, Salvador - BA,Rua Antônio Lumack, 96, Boa Viagem - PE"
NPAR11,Outros,1282,"213,32%","0,00%",70,1.533.140,0,0,000,000,"0,00%","0,00%",
NSLU11,Hospital,16547,"5,21%","6,39%",83,214.000.000,127.282,1,"8.900,04","1.031,22","11,59%","0,00%","Rua Das Perobas, 324, Vila Parque Jabaquara, São Paulo/SP, Brasil, 04321-120"
NVHO11,Hospital,1149,"12,87%","8,28%",82,476.772.000,1.401,4,"15.533,90","2.053,54","13,22%","0,00%","Rua Desembargador Aguiar Valim, Itaim Bibi, São Paulo, SP,Rua Doutor Alceu de Campos Rodrigues, 95, Itaim Bibi, São Paulo, SP,Rua Doutor Alceu de Campos Rodrigues, 95, Itaim Bibi, São Paulo, SP,Rua Doutor Alceu de Campos Rodrigues, 95, Itaim Bibi, São Paulo, SP"
ONEF11,Lajes Corporativas,17375,"6,45%","6,36%",86,158.286.000,63.103,1,"25.905,90","1.833,60","7,08%","0,00%","Rua Ministro Jesuino Cardoso, 454, São Paulo- SP"
ORPD11,Títulos e Val. Mob.,9300,"0,00%","0,00%",63,26.970.000,0,0,000,000,"0,00%","0,00%",
OUCY11,Híbrido,8850,"13,05%","0,00%",98,95.322.200,0,8,"2.261,00",15210,"6,73%","0,00%","Rua Alberto Neder 424 - Campo Grande,R. Vicente Romano, 168 - Parque da Mooca,Estrada Lula Chaves, 386 - Santana do Parnaíba,Rua Manoel Alves dos Santos, 190 - Londrina,Rua Via Projetada 2, 111 - Rio de Janeiro,R. JOSÉ RUSSI ESQ.C/R.RAFAEL DE CARVALHO N° 11 -SANTO ANTONIO DE POSSE ,Av. Visconde de Piraja, 602 - Loja A, Rio de Janeiro - RJ,Rua Helios Seelinger, 155 - Barra da Tijuca - RJ"
OUFF11,Títulos e Val. Mob.,6200,"13,39%","13,79%",84,112.489.000,175.820,0,000,000,"0,00%","0,00%",
OUJP11,Híbrido,9580,"16,45%","15,84%",96,311.578.000,953.457,0,000,000,"0,00%","0,00%",
OULG11,Logística,3817,"2,69%","3,98%",57,94.710.600,61.787,2,"1.037,27",8603,"8,29%","0,00%","Lote nº 21 - Distrito Industrial - Bairro Benfica - Juiz de Fora/MG,Rod. Washington Luiz, km 114, Via Projetada Aterial PD04, nº 3777"
OURE11,Híbrido,7214,"16,01%","16,82%",80,77.701.100,152.570,8,"1.843,03",15210,"8,25%","0,00%","Rua Manoel Alves dos Santos, 190 - Londrina,Rua Via Projetada 2, 111 - Rio de Janeiro,R. JOSÉ RUSSI ESQ.C/R.RAFAEL DE CARVALHO N° 11 -SANTO ANTONIO DE POSSE ,Av. Visconde de Piraja, 602 - Loja A, Rio de Janeiro - RJ,Rua Helios Seelinger, 155 - Barra da Tijuca - RJ,Rua Alberto Neder 424 - Campo Grande,R. Vicente Romano, 168 - Parque da Mooca,Estrada Lula Chaves, 386 - Santana do Parnaíba"
PATC11,Lajes Corporativas,6725,"5,11%","5,84%",88,233.857.000,226.257,6,"17.236,00","1.101,71","6,39%","2,90%","Rua Fidêncio Ramos, 308, Vila Olímpia, São Paulo - SP,Rua Pascoal Pais, 525 - São Paulo,R. Gomes de Carvalho, 1996, Vila Olímpia, São Paulo - SP,Alameda Vicente Pinzon, 51, Vila Olímpia, São Paulo - SP,Rua Ministro Jesuíno Cardoso, 454, Vila Olímpia, São Paulo - SP,Avenida Paulista, 1.842 - São Paulo"
PATL11,Logística,6193,"10,78%","11,18%",63,309.126.000,731.257,4,"1.983,92",26135,"13,17%","0,00%","Av. Nossa Senhora Auxiliadora, 831, Jundiaí - SP, CEP: 13214-855,Av. José Carlos Costa, 688  Ribeirão das Neves, MG,Av. Nossa Senhora Auxiliadora, 901, Jundiaí - SP, CEP: 13214-855,Av. Industrial Alda Mendes Bernardes, 1881  Itatiaia, RJ"
PEMA11,Títulos e Val. Mob.,4850,"28,33%","15,18%",64,26.772.000,1.150,0,000,000,"0,00%","0,00%",
PLCR11,Híbrido,8367,"22,55%","15,33%",93,176.474.000,335.928,0,000,000,"0,00%","0,00%",
PLOG11,Logística,7062,"19,27%","12,65%",66,52.965.000,66.402,1,72365,16546,"22,86%","0,00%","Rodovia PE-060  Km 14,5  Ipojuca, Pernambuco"
PLRI11,Títulos e Val. Mob.,2298,"-3,21%","31,32%",71,21.929.900,2.989,0,000,000,"0,00%","0,00%",
PORD11,Títulos e Val. Mob.,8649,"12,69%","16,53%",89,322.467.000,604.783,0,000,000,"0,00%","0,00%",
PQAG11,Logística,5216,"9,63%","9,66%",91,729.817.000,5.528,1,"11.598,20","1.088,25","9,38%","0,00%","Av. Alexandre Colares, 1188, Parque Anhanguera, São Paulo-SP"
PQDP11,Shoppings,"2.006,00","9,56%","9,08%",64,492.499.000,105.786,1,"1.849,86",23157,"12,52%","1,30%","Avenida Guilherme Campos 500, 500, Sem Complemento, Jardim Santa Genebra, Campinas/SP, Brasil, 13087-901"
PRSN11B,Residencial,180,"-17,97%","21,02%",38,5.816.240,413,2,"9.871,54",000,"0,00%","0,00%","Estrada de Barra da Tijuca 345, Barra da Tijuca , Rio de Janeiro,Avenida Geremario Dantas 1401, Jacarepagua , Rio de Janeiro"
PRSV11,Lajes Corporativas,13198,"2,63%","0,00%",60,25.736.100,3.241,1,"2.303,90",27570,"11,97%","100,00%","Avenida Presidente Vargas, 850, Centro, Rio de Janeiro - RJ"
PURB11,Híbrido,9510,"-1,81%","2,51%",88,107.954.000,0,2,"19.050,50","2.997,44","15,73%","0,00%","Rua Bruno Giorgi, nº 114, Jacarepaguá - Rio de Janeiro,Avenida Flamboyants, nº 855 - Barra da Tijuca"
PVBI11,Lajes Corporativas,8677,"2,61%","7,86%",84,871.127.000,2.618.590,4,"7.981,26",80417,"10,08%","0,00%","Avenida Brigadeiro Faria Lima, 4440, Itaim Bibi, São Paulo/SP, Brasil, 04538-132,Avenida Brigadeiro Luis Antonio, 3521, Jardim Paulista, Sao Paulo/SP, Brasil, 01401-001,Rua Leopoldo Couto Magalhaes Júnior, 822, Itaim Bibi, São Paulo/SP, Brasil, 04542-000,Avenida Presidente Juscelino Kubitschek, 2041, Vila Olímpia, Sao Paulo/SP, Brasil, 04543-011"
QAGR11,Outros,4210,"11,55%","11,45%",75,212.184.000,292.137,12,"2.505,65",32936,"13,14%","0,00%","Avenida Jose Bonifacio, 769, Vila Atalaia, Cambe/PR, Brasil, 86181-570,Rodovia Pr493, 5500, , Fraron, Pato Branco/PR, Brasil, 85503-378,Avenida Senador Attilio Fontana, 1989, Parque Sao Joao, Paranagua/PR, Brasil, 83212-250,Linha Agroisa, S/n, Nas Margens Da Rodovia Sc 305, S/n, Campo Ere/SC, Brasil, 89980-000,Km 186, S/n, Assai/PR, Brasil, 86220-000,Rua Barra Mansa, S/n, Pinheirinho, Francisco Beltrao/PR, Brasil, 85603-260,Rodovia Pr 218, Km 12, Gleba Patr. Sabáudia, Sabaudia/PR, Brasil, 86720-000,Rodovia Br364, Km 203, Setor Francisco Antonio, Jatai/GO, Brasil, 75801-615,Rodovia Pr 537, Km 0.3, Bela Vista Do Paraiso/PR, Brasil, 86130-000,Rua Goias, 540, Nazaré, Medianeira/PR, Brasil, 85884-000,Anel Viario Ayrton Senna, 2000, Distrito Industrial, Uberlandia/MG, Brasil, 38402-329,Rodovia Mg 190, Km 72, Nova Ponte/MG, Brasil, 38160-000"
QAMI11,Híbrido,7805,"30,29%","15,54%",85,62.549.100,33.664,0,000,000,"0,00%","0,00%",
QIRI11,Títulos e Val. Mob.,7804,"9,53%","5,12%",87,11.706.000,0,0,000,000,"0,00%","0,00%",
RBBV11,Títulos e Val. Mob.,10000,"6,51%","0,00%",99,125.416.000,0,0,000,000,"0,00%","0,00%",
RBCO11,Lajes Corporativas,4400,"12,33%","8,39%",49,166.276.000,144.616,4,"3.812,31",61484,"16,13%","0,00%","Rua Bela Cintra, 986, São Paulo - SP,Av. Morumbi, 8.234, São Paulo - SP,Alameda Santos, nº 1.039, São Paulo - SP,Av. das Nações Unidas, 17.891, São Paulo - SP"
RBDS11,Residencial,334,"-49,77%","0,00%",17,422.587,489,0,000,000,"0,00%","0,00%",
RBED11,Outros,12250,"10,90%","11,70%",85,282.949.000,157.374,8,"2.619,29",28688,"10,95%","0,00%","Avenida Beira Rio, 3.001, Jardim Europa - Cuiabá/MT,Avenida São Luís Rei de França, 32, Turu - São Luís/MA,Rua Timbiras, 1387, Funcionários - Belo Horizonte/MG,Rua da Consolação, nºs 2.320 e 2.322 - São Paulo/SP,Av. Dr. Rudge Ramos, nº 1.501 - São Bernardo do Campo/SP,Rua Jequitibá, 401, Horto - Ipatinga/MG,Avenida Presidente Juscelino Kubitschek, n° 227/229 e 247, Centro - Betim/MG,Rua Senador Fláquer, 456 - Centro - Santo André-SP"
RBFF11,Títulos e Val. Mob.,4888,"12,85%","12,13%",78,183.262.000,216.746,0,000,000,"0,00%","0,00%",
RBGS11,Shoppings,2845,"3,30%","0,00%",31,30.669.100,0,1,"1.051,57",5268,"5,01%","11,94%","Avenida Marechal Fontenelle, 3545 - Rio de Janeiro, RJ - CEP 21740-001"
RBHG11,Títulos e Val. Mob.,8336,"10,65%","16,67%",90,144.011.000,252.949,0,000,000,"0,00%","0,00%",
RBIR11,Residencial,6177,"-2,65%","1,12%",65,94.422.600,42.882,0,000,000,"0,00%","0,00%",
RBIV11,Títulos e Val. Mob.,8370,"10,61%","0,00%",90,144.599.000,0,0,000,000,"0,00%","0,00%",
RBLG11,Logística,9321,"12,20%","10,80%",94,59.672.900,67.515,1,33736,3381,"10,02%","0,00%","Km 11, 3010, Zona De Expansão Urbana, Parauapebas-pa, Rodovia Pa-275, Parauapebas/PA, Brasil, 68515-000"
RBOP11,Outros,51900,"26,05%","9,13%",67,52.763.600,65.772,2,"2.854,26",71203,"24,95%","4,34%","Rua Rio de Janeiro, 654, Belo Horizonte/MG,Avenida Rio Branco, 89, Centro, Rio de Janeiro/RJ"
RBRD11,Híbrido,3395,"13,21%","10,62%",51,62.868.100,34.739,4,"2.266,69",39339,"17,36%","27,96%","RUA DR. NILO PEÇANHA Nº 564, BAIRRO SÃO MIGUEL - SÃO GONÇALO  RJ,RUA DO CATETE N° 194 E 196, ESQUINA COM RUA CORREA DUTRA - RIO DE JANEIRO  RJ,RUA JOÃO PESSOA, 86 - NATAL  RN,RODOVIA AYRTON SENNA - UBERLÂNDIA - MG"
RBRF11,Títulos e Val. Mob.,6720,"10,95%","11,00%",84,919.348.000,2.158.480,0,000,000,"0,00%","0,00%",
RBRI11,Híbrido,99989,"-2,17%","0,00%",82,129.937.000,0,0,000,000,"0,00%","0,00%",
RBRL11,Logística,7470,"9,30%","10,31%",70,499.522.000,525.000,5,"1.646,72",19539,"11,87%","0,00%","Estrada Municipal Luiz Lopes Neto, nº 21, Bairro dos Tenentes - Extrema/MG,Estrada Municipal Vargem do João Pinto nº 450, Gleba 1 - Extrema/MG,Rod. Presidente Tancredo Neves, km45,Condomínio Tech Town, unid nº7, Rodovia SP 101, Hortolândia, Comarca de Sumaré/SP,Est Carlos Roberto Prataviera, nº 650, Hortolândia, Comarca de Sumaré/SP"
RBRP11,Outros,4492,"10,82%","10,41%",57,547.089.000,873.086,10,"7.944,94",90688,"11,41%","0,00%","Rua Gomes de Carvalho, 1.356, São Paulo - SP,Avenida Venezuela, 43 - Saúde - Rio de Janeiro - RJ,Av. República do Chile, 230  Centro, Rio de Janeiro - RJ,Rua Gerivatiba, esquina com a Rua Pirajussara, nºs 71, 87 e 95, com frente também para a Rua Desembargador Armando Fairbanks, nº 32, Pinheiros, São Paulo  SP.,Av. Brigadeiro Faria Lima nº 1.461, Pinheiros, São Paulo/SP,Rua Casa do Ator, 1.155 - Vila Olímpia - São Paulo - SP, Alameda Grajaú, nº 98  Alphaville Industrial, Barueri/SP,Rua Cincinato Braga, 340 - Bela Vista - São Paulo - SP,Rua Amauri, 299, 311 (lojas) e 305 (entrada), Jardim Paulistano.,Avenida João Dias n° 1.645 - Santo Amaro, São Paulo - SP"
RBRR11,Títulos e Val. Mob.,8685,"10,71%","13,67%",92,1.167.170.000,3.983.570,0,000,000,"0,00%","0,00%",
RBRS11,Híbrido,5699,"8,77%","9,36%",61,98.837.700,7.711,3,"8.825,72",79166,"8,97%","9,52%","Rua Apeninos, 973, Paraíso, São Paulo - SP,Av. Sabiá, 641, Indianápolis, São Paulo - SP,Rua Dr. Tomás Alves, 172 e 184, Vila Mariana, São Paulo - SP"
RBRX11,Títulos e Val. Mob.,8098,"9,77%","10,15%",86,152.298.000,599.244,0,000,000,"0,00%","0,00%",
RBRY11,Títulos e Val. Mob.,9534,"9,91%","14,66%",96,528.832.000,1.216.760,0,000,000,"0,00%","0,00%",
RBVA11,Outros,9100,"12,19%","13,10%",85,1.054.530.000,939.876,78,"7.906,11","1.113,04","14,08%","7,00%","Estrada de Itapecerica, nº 3.429 - São Paulo - SP,Rua dos Italianos, 609 - São Paulo - SP,Av. Marechal Floriano Peixoto, nº 2.370 - N Iguaçu - RJ,Rua Dr. Nilo Peçanha, nº 125 - São Gonçalo - RJ,Av. Barão de Itapura, nº 2233 - Campinas - SP,Rua 12, 239 - RJ,Rua. Sem. Flaquer, 305 - SP,Av. Senador Queiroz, nº 85 a 111 - Lj 4 e 5 - São Paulo - SP,Av. República do Chile, nº 230 - Rio de Janeiro - RJ,Av. de Pinedo, nº 228 - São Paulo - SP,Rua Antônio Vieira, nº 24 - Loja A - Rio de Janeiro - RJ,Av. das Américas, nº 15.545 - Rio de Janeiro - RJ,Av. Santa Catarina, 287 - São Paulo - SP,Av. Padre Antônio Jose Dos Santos, nº 872 - São Paulo - SP,Av. Paulista, 436 - SP,R Mal Deodoro 195 - PR,Rua Imp. Dom Pedro II, 255 - PE,Praça Pio X, 78 - RJ,Av. Rio Branco, 311-B - Rio de Janeiro - RJ,Est. Rio do A, 1131 - Campo Grande - RJ,Av. do Cursino, nº 1348 - São Paulo - SP,R. Pedro Vicente, 222 - São Paulo - SP,Av. do Imperador, 3892 - São Paulo/SP,Rua Alves Guimarães, nº 50, Pinheiros - SP,Rua Oscar Freire, 585, Jardins,Rua Floriano Peixoto 00915 - CE,Rua João de Almeida, 72 - RJ,Av. Paulista, 726 - L1 - SP,Av. Rio Branco, nº 1.675 - loja - São Paulo - SP,Rua Visconde de Pirajá, nº 127 - Rio de Janeiro - RJ,Avenida das Esmeraldas, 512 - Osasco - SP,Rua das Palmeiras, nº 233 - loja - São Paulo - SP,EQ 406/407-SUL  Lote 1 - Brasília - DF,Av. Brigadeiro Faria Lima, 2232,Praça Tiradentes, 85 - MG,Rua Buenos Aires, 48 - RJ,Av Paulista 447 Loja - SP,Estrada de Taipas, 355 - São Paulo/SP,Rua Salvador Gianetti, nº 436 - São Paulo - SP,Rua Paes Leme, 250/258 - São Paulo - SP,Av. Indianópolis, nº 2.125 - São Paulo - SP,Via Anchieta, nº 1.558 - São Paulo - SP,Rua Santa Filomena, nºs 677, 687 e 697, Centro - SBC - SP,R. Marechal Deodoro - SP,Av. Liberdade, 151 - SP,Av. Mateo Bei 3286 - SP,Rua da Quitanda, 70 - RJ,Av. Marechal Câmara, nº 160 - Rio de Janeiro - RJ,Rua Sesefredo Klein Doll, 12 - Embu-Guaçu - SP,Av. Maria Luiza Americano, 1688 - São Paulo/SP,Lg. Páteo do Colégio, 1 - São Paulo - SP,Av. Mateo Bei, 413 - São Paulo/SP,Estrada do Pernambuco, nº 500 - Guarujá - SP,Av. Afrânio de Melo Franco, 131 - Leblon - RJ,Rua Pedro I 00373 - CE,Praça Visconde de Mauá, 20 - SP,Av Eng. Luiz Carlos Berrini, 1307 - SP,Rua Mariz e Barros, nº 79 - Rio de Janeiro - RJ,Av. Imirim, nº 1.271 - São Paulo - SP,Rua Dias da Cruz, nº 28-A - Rio de Janeiro - RJ,Av. 1, 500  Rio Claro - SP,Av. Paulista, 1.227,Rua Haddock Lobo, 1573, Jardins,Av. João Pinheiro, 500 - MG,Av. Rio Branco, 115 - RJ,Av. Cons. Rodrigues Alves, 53 - SP,Av. Sto. Amaro, 3332 - SP,R. Cel. Souza Franco, 115 - Suzano - SP,R. Santos Dumont, 599 - Ferraz de Vasconcelos/SP,Alameda Santo Ângelo, 118 - Mogi das Cruzes - SP,Rua Guerino Giovani Leardini, nº 63/67 - São Paulo - SP,Av. Senador Queiroz, nº 85 a 111 - Lj 1 a 3 - São Paulo - SP,Rua Desembargador Góes Cavalcante, nº 261 - Recife - PE,Av. Duque de Caxias - SP,R Barao de Jundiai 884 - SP,Rua Dr. Feliciado Sodré, 111 - RJ,Rua 7 de Setembro, 1100 - RS"
RBVO11,,939,"2,27%","20,72%",55,4.843.590,2.329,0,000,000,"0,00%","0,00%",
RCFF11,Títulos e Val. Mob.,8500,"9,80%","3,45%",96,27.472.000,52,0,000,000,"0,00%","0,00%",
RCRB11,Lajes Corporativas,11319,"3,72%","7,32%",54,417.750.000,521.483,9,"10.172,60",97104,"9,55%","22,84%","Av. Juscelino Kubitschek, 510, Itaim Bibi, São Paulo/SP,Rua Girassol, 555  Vila Madalena,Rua da Candelária nº 65, Centro, Rio de Janeiro/RJ,Avenida Paulista, 37, São Paulo/SP,Rua Surubim, 373, Brooklin Novo, São Paulo/SP,Alameda Santos, 1.800 - Jardins,Alameda Santos, 1163, Cerqueira César, São Paulo/SP,Praia do Flamengo nº 154, Flamengo, Rio de Janeiro/RJ,Rua Olimpiadas. 205, São Paulo SP"
RDES11,Híbrido,5800,"-0,77%","0,00%",84,43.036.000,0,3,"3.237,40",28990,"8,95%","47,02%","Rua Antônio Lumack, 96, Boa Viagem - PE,Rua Padre Carapueiro, 733, Boa Viagem - PE,Avenida Trancedo Neves, 450 - Caminho das Árvores, Salvador - BA"
RDPD11,Títulos e Val. Mob.,2690,"48,39%","90,85%",95,28.999.300,18.711,0,000,000,"0,00%","0,00%",
RECR11,Títulos e Val. Mob.,8544,"14,16%","14,37%",90,2.259.170.000,3.692.160,0,000,000,"0,00%","0,00%",
RECT11,Híbrido,5187,"11,17%","11,57%",56,443.151.000,456.867,9,"5.684,26",69008,"12,14%","11,05%","Av. Tamboré, 267 - Alphaville - Barueri - SP,SHCS Q.6 BL A, 7º, 8º E 12º andares - Brasília - DF,Corporate Emiliano, Rua Emiliano Perneta, 480, Curitiba, PR,Alameda Rio Claro, 190, Bela Vista, São Paulo - SP,Av. Dona Ana Costa, nº 433, cidade de Santos - SP,Complexo Madeira, Alameda Madeira, nº 328, na cidade de Barueri - SP,Av. Europa, nº 884, lote 3, quadra 6, no 20º Subdistrito  Jardim América, São Paulo - SP,Av. Ayrton Senna, 2200 - Barra da Tijuca - Rio de Janeiro - RJ,Alameda Xingu, 512 - Alphaville - Barueri - SP"
RECX11,Títulos e Val. Mob.,6352,"14,19%","14,07%",83,13.867.200,8.894,0,000,000,"0,00%","0,00%",
REIT11,Títulos e Val. Mob.,18000,"1,50%","62,91%",63,4.732.380,192,0,000,000,"0,00%","0,00%",
RELG11,Híbrido,7179,"11,69%","12,91%",59,95.808.200,71.430,5,"1.375,09",18474,"13,43%","15,06%","Avenida Wilson Tavares Ribeiro, nº 800,Rua Josepha Gomes de Souza, 306, Extrema/MG,Av. Bahia, nº 1.000,Lote 12 da Quadra 06, no município de Queimados - Rio de Janeiro,Via de Ligação, 109, Polo Industrial, Camaçari/BA,Estrada dos Estudantes, 600, Cotia/SP"
RFOF11,Títulos e Val. Mob.,6630,"8,18%","12,45%",86,71.482.300,74.934,0,000,000,"0,00%","0,00%",
RINV11,Títulos e Val. Mob.,9525,"0,86%","0,94%",98,28.587.300,122.476,0,000,000,"0,00%","0,00%",
RMAI11,Híbrido,4799,"0,85%","6,46%",45,117.278.000,12.723,2,"2.697,67",15988,"5,93%","35,76%","Avenida Armando Morais Sarmento, nº 100, Distrito Industrial de Queimados, Cidade de Queimados, Estado do Rio de Janeiro ,Rua José Versolato, 111, Centro, São Bernardo do Campo/SP."
RNDP11,Títulos e Val. Mob.,14718,"-3,24%","84,38%",76,15.819.100,9.298,0,000,000,"0,00%","0,00%",
RNGO11,Lajes Corporativas,4650,"10,80%","10,64%",54,124.434.000,80.634,4,"2.270,19",29453,"12,97%","16,21%","Alameda Rio Negro, 585- Alphaville Industrial, Barueri- SP,Alameda Rio Negro, 585- Alphaville Industrial, Barueri- SP,Alameda Rio Negro, 585- Alphaville Industrial, Barueri- SP,Alameda Rio Negro, 585- Alphaville Industrial, Barueri- SP"
RPRI11,Títulos e Val. Mob.,9603,"8,21%","8,79%",95,215.276.000,177.335,0,000,000,"0,00%","0,00%",
RRCI11,Títulos e Val. Mob.,8333,"12,47%","15,98%",92,40.144.800,70.193,0,000,000,"0,00%","0,00%",
RSPD11,Residencial,"1.125,00","-2,13%","5,42%",98,167.637.000,0,0,000,000,"0,00%","0,00%",
RVBI11,Títulos e Val. Mob.,7076,"11,69%","12,59%",86,101.894.000,201.259,0,000,000,"0,00%","0,00%",
RZAG11,Títulos e Val. Mob.,955,"10,65%","14,22%",98,649.786.000,2.248.170,0,000,000,"0,00%","0,00%",
RZAT11,Híbrido,8329,"14,29%","1,14%",83,308.853.000,733.823,9,35958,3260,"9,07%","0,00%","Av. Costa e Silva 1275, Campo Grande, MS, 79050-410,Av. Perimetral Norte 10001, Goiânia, GO, 74583-285,Rod. Juscelino Kubitscheck de Oliveira - BR 364, Frutal, MG, 38200-000,Rodovia BR 060 KM 504, Goiânia, GO, 75800-001,Rodovia BR 020 572, Caucaia, CE, 061663-015,Rodovia GO-070, Km 2 Qd. CH, Lt. 444, , Goiânia, GO, 74470-260,Rodovia Washington Luis KM 198, , Corumbataí, SP, 13540-000,Av. Santos Dumont 4305, Mirassol, SP, 15135-160,Rua Professor Luciano Prata 204, São Paulo, SP, 02510-020"
RZTR11,Híbrido,8265,"13,81%","16,48%",86,913.119.000,3.082.200,16,177,032,"18,15%","0,00%","Zona rural de Bom Jesus/PI,Zona rural de Serranópolis/GO,Zona rural de Campo Verde/MT,Zona rural de Rio Verde/GO,Zona rural de Buriticupu/MA,Zona rural de Sorriso/MT,Zona rural de Sambaíba /MA,Zona rural de Serranópolis/GO,Zona rural de Formosa do Rio Preto/BA,Zona rural de Sorriso/MT,Zona rural de Canarana/MT,Zona rural de Sorriso/MT,Zona rural de São Jose do Xingú/MT,Zona rural de Nova Ubiratã/MT,Zona rural de Rio Verde/GO"
SADI11,Títulos e Val. Mob.,8959,"13,24%","13,69%",91,284.915.000,658.052,0,000,000,"0,00%","0,00%",
SAIC11B,Lajes Corporativas,3788,"-1,33%","0,00%",68,54.158.600,0,1,"4.716,47",000,"0,00%","100,00%","SIA Trecho 01  Lotes 630, 640, 650, 660, 670, 680, 690, 700, 710, 720, 730, 740, 750, 760, 770 e 780 - BRASÍLIA - DF"
SARE11,Híbrido,5894,"13,29%","12,94%",63,544.271.000,1.458.580,3,"2.403,74",27940,"11,62%","0,00%","Rua Bela Cintra, 755, São Paulo - SP,Avenida Tucunaré , 720, Tamboré - CEP: 06460-020, Barueri - SP,Avenida João Pessoa, nº 500, Jardim Utinga, Cidade de Santo André  São Paulo - SP, CEP 09230-650"
SCPF11,Shoppings,525,"5,00%","4,32%",45,22.050.000,3.435,1,"4.527,68",79387,"17,53%","23,16%","Rua Junqueira Ayres, 165 - Barris - Salvador - BA"
SDIL11,Logística,9090,"9,74%","10,29%",93,581.310.000,740.880,6,"1.642,68",22175,"13,50%","0,17%","Avenida Ol 03, 200 - Duque de Caxias - RJ,Rua Prof. João Cavalheiro Salem, 1.289 Bonsucesso, Guarulhos/SP,Rodovia Índio Tibiriçá, nº 6.000,Avenida Ol 03, 200 - Duque de Caxias - RJ,BR 040, KM 23 - Contagem/MG"
SDIP11,Lajes Corporativas,8800,"1,88%","0,00%",92,371.533.000,0,5,"11.501,50",39197,"3,41%","8,35%"," Rua Itapeva, nº 538  Bela Vista  São Paulo, SP,Rua James Joule, 65 - Berrini - São Paulo - SP,Av. Presidente Juscelino Kubitschek, 1830 e Rua Leopoldo Couto de Magalhês Júnior, 1461, no 28º Subdistrito - Jardim Paulista, São Paulo - SP,Rua Paes Leme, 524, no 45º Subdistrito  Pinheiros, São Paulo  SP,Rua Treze de Maio, nº 1.633  Bela Vista  São Paulo  SP"
SEQR11,Outros,6066,"12,22%","12,86%",65,97.574.800,115.833,4,"2.315,65",33818,"14,60%","0,00%","Rua Walter Martins da Silva, nº 500, Santo Antônio da Patrula - RS, CEP 95500-000,Rua José Albino Pereira, 342, Jandira - SP, CEP 06612-001,Rua Nova York, 245, São Paulo - SP, CEP 04560-000,Rua Ewbank da Câmara, nº 48, Rio de Janeiro - RJ, CEP 21310-150"
SHDP11B,Shoppings,"1.210,05","6,92%","7,09%",94,1.776.100.000,0,1,"13.408,80","1.159,86","8,65%","1,30%","Avenida Guilherme Campos 500, 500, Sem Complemento, Jardim Santa Genebra, Campinas/SP, Brasil, 13087-901"
SHPH11,Shoppings,65200,"7,05%","6,49%",73,397.035.000,126.878,1,"11.483,00","1.038,59","9,04%","8,92%","Rua Dr. Veiga Filho, 133, Higienópolis, São Paulo - SP"
SNCR11,Híbrido,9780,"11,85%","0,00%",94,176.767.000,0,0,000,000,"0,00%","0,00%",
SNFF11,Títulos e Val. Mob.,8499,"7,53%","11,58%",98,240.522.000,485.533,0,000,000,"0,00%","0,00%",
SNLG11,Híbrido,3954,"10,00%","0,88%",64,74.658.400,9.970,0,000,000,"0,00%","0,00%",
SPMO11,Híbrido,9900,"0,35%","0,43%",88,178.965.000,0,0,000,000,"0,00%","0,00%",
SPTW11,Lajes Corporativas,3905,"18,95%","12,37%",70,70.211.900,120.006,1,"4.907,19","1.051,83","21,43%","0,00%","Rua Líbero Badaró, 633/641 e Avenida, Prestes Maia, 98/114  Centro - São Paulo/ SP - Brasil"
SPXS11,Híbrido,7945,"3,59%","4,71%",84,98.374.700,220.489,0,000,000,"0,00%","0,00%",
TEPP11,Lajes Corporativas,6794,"2,43%","8,70%",71,286.840.000,517.635,5,"8.879,70",39197,"4,41%","8,35%","Rua Paes Leme, 524, no 45º Subdistrito  Pinheiros, São Paulo  SP,Rua Treze de Maio, nº 1.633  Bela Vista  São Paulo  SP, Rua Itapeva, nº 538  Bela Vista  São Paulo, SP,Rua James Joule, 65 - Berrini - São Paulo - SP,Av. Presidente Juscelino Kubitschek, 1830 e Rua Leopoldo Couto de Magalhês Júnior, 1461, no 28º Subdistrito - Jardim Paulista, São Paulo - SP"
TGAR11,Híbrido,11739,"7,33%","14,68%",89,1.618.160.000,3.774.800,4,6903,163,"2,37%","0,00%","Rodovia dos Romeiros, s/n, Trindade-GO,Avenida 85, 603, Goiânia - GO, 74823-310,Rodovia GO-060, s/n, Turvânia- GO,Rodovia GO-060, s/n, Turvânia- GO"
TORD11,Híbrido,566,"4,22%","15,54%",40,198.391.000,517.728,0,000,000,"0,00%","0,00%",
TOUR11,Residencial,880,"0,00%","0,00%",0,0,0,3,000,000,"0,00%","0,00%","Rua Doutor Romulo Pasqualini, s/n, CEP 08820-310, Mogi das Cruzes, SP.,Rua Carmo do Rio Verde, nº109, CEP 04729-010, São Paulo, SP.,Rua das Palmeiras, nº677, CEP 09080-160, Santo André, SP."
TRNT11,Lajes Corporativas,11100,"4,26%","4,11%",56,436.847.000,5.272,1,"6.927,39",54582,"7,88%","41,63%","Avenida Das Nacoes Unidas, 12901, Sem Complemento, Brooklin Paulista, São Paulo/SP, Brasil, 04578-910"
TRXF11,Híbrido,10311,"7,15%","10,20%",99,1.236.570.000,2.844.400,26,"3.417,66",35894,"10,50%","0,00%","Rodovia Federal BR-222, S/N° - Tabapuá  Caucaia - CE ,Avenida Padre Anchieta, 4.580  Vila Vermelha,Av. Barreto de Menezes, 800 - Piedade, Jaboatão dos Guararapes - PE - Loja 05,Rua das Figueiras, nº 1.021  Operário,Avenida José Júlio da Costa, s/n - Ferroviários - MG,Rua Maranhão, 975  Santa Paula,Avenida Regente Feijó, nº 823,Avenida Prof. João Fiusa, S/N  Jardim Canada,Av. Antônio Carlos C de Barros, 365  Vila José Lório,Avenida Guadalajara, s/nº - Jardim Glória,Av. Epitacio Pessoa, S/N, Gleba C - Alto da Alianca, Juazeiro - BA,Rua Dr. Ademar de Barros, 50  Jardim Europa,Av. Waldemar Alves, 230 - São Vicente, Araçatuba - SP, 16050-005,Avenida Bady Bassitt, 5.300,Av. Waldemar Alves, 230 - São Vicente, Araçatuba - SP, 16050-005,Avenida Prof. João Fiusa, S/N  Jardim Canada ,Avenida Senador Saraiva, 835,Praça Tuím  Lote 02  Quadra 206,Avenida Maria Servidei Demarchi, 1897  Demarchi,Av. Dr. Ulisses Guimarães, 423 - Jardim Amazonas, Petrolina - PE,Av. Gov. Jorge Teixeira, 3500 - Industrial, Porto Velho - RO, 76821-064,Avenida Dr. José Ramon Urtiza, 1000  Panamby,Rua Aricambú, 65 - Cordovil - Rio de Janeiro - RJ,Avenida Marte, 624  Alphaville ,Avenida José Paulino, nº 2.600,Av. Presidente Vargas, S/N - Vila da Saúde"
TSNC11,Híbrido,001,"95.080,00%","104.026.000.000,00%",0,10.868,0,2,069,77945,"113.447,82%","0,00%","Avenida General Valdomiro De Lima, 508, Sem Complemento, Jabaquara, Sao Paulo/SP, Brasil, 04344-070,Rua Castro Delgado, 188, Sem Complemento, Alto De Pinheiros, Sao Paulo/SP, Brasil, 05465-010"
URPR11,Outros,9796,"6,71%","17,51%",99,1.143.710.000,2.398.140,0,000,000,"0,00%","0,00%",
VCJR11,Títulos e Val. Mob.,8913,"11,85%","12,44%",94,1.312.350.000,1.207.130,0,000,000,"0,00%","0,00%",
VCRI11,Títulos e Val. Mob.,836,"11,44%","15,03%",88,148.585.000,319.492,0,000,000,"0,00%","0,00%",
VCRR11,Logística,6864,"12,35%","11,60%",54,137.280.000,165.661,4,"2.219,68",12502,"5,63%","0,00%","Rua Loefgreen, 2527 - Vila Clementino/SP,Rua Gregório Serrão, 232 - Vila Mariana/SP,Rua Carlos Petit, 215 - Vila Mariana/SP,Prof Ascendido Reis, 1300 - Vila Clementino/SP"
VERE11,Outros,25700,"13,31%","12,55%",77,146.757.000,0,4,96076,16736,"17,42%","16,52%","Av. Wilson Tavares Ribeiro, 1400, Contagem-MG,Av. Wilson Tavares Ribeiro, 1400, Condomínio de galpões logísticos no Condomínio de Galpões Sindi Investimentos, Contagem-MG,Rua Benjamin Jacob, 10, CEP 30430-290, Belo Horizonte-MG,Av. Dom Pedro II, 1900, CEP 30710-010, Belo Horizonte-MG"
VGIP11,Títulos e Val. Mob.,8370,"10,74%","14,41%",93,986.593.000,2.072.250,0,000,000,"0,00%","0,00%",
VIFI11,Títulos e Val. Mob.,679,"20,10%","10,81%",79,54.925.600,81.400,0,000,000,"0,00%","0,00%",
VILG11,Logística,8519,"9,14%","9,68%",76,1.277.630.000,2.404.960,16,"2.193,22",24679,"11,25%","9,71%","Cidade Cachoeirinha, Rio Grande do Sul, RS 118, nº 12760,R. Almerim, 100, Guarulhos - SP,Rua Kida, 191 - Guarulhos - São Paulo, Rodovia BR-493 (RioMagé), km 3,5, Duque de Caxias - RJ,Rodovia Fernão Dias, km 891,5, Extrema - MG,Av. Dr. Kenkiti Shimomoto, Nº 1.678, Osasco - SP,Rodovia Castello Branco, km 57, em São Roque, SP,Est. Vargem do João Pinto, Fazenda Matão Gleba 2, Extrema - MG,Cidade de Cariacica, n° 10.288, km 290, RD. Governador Mario Covas - ES,Município de Serra, no estado do Espírito Santo,Rodovia Fernão Dias, km 933, Extrema - MG,Av. Marginal Rodovia dos Bandeirantes, Nº 800, Jundiaí - SP,Rodovia Br 316 - KM 23/24 Bairro Campestre - Benevides/PA,Cidade de Eldorado do Sul, na Av. Industrial Belgraf, n° 765 - RS,Avenida das Quaresmeiras, n. 200, Pouso Alegre - MG,Rodovia Armínio Guilherme, 82  Ipojuca, PE"
VINO11,Lajes Corporativas,4333,"9,53%","9,21%",79,717.773.000,1.184.910,10,"11.042,20","1.134,60","10,28%","2,07%","Rua Cardeal Arcoverde nº 563, São Paulo - SP,Largo do Ibam, 1, Humaitá, Rio de Janeiro/RJ,Rua Evandro Carlos de Andrade, 160, São Paulo - SP,Rua Haddock Lobo, nº 347, São Paulo - SP,Rua Jaceru, 154, Vila Gertrudes, São Paulo/SP,Rua Corá, 2175, São Paulo/SP,Rua Mourato Coelho, 1404, na Vila Madalena, São Paulo/SP.,Alameda Araguaia, 617, Alphaville, Barueri/SP,Av. Bartolomeu Mitre, 336 CEP: 22.431-002 Rio de Janeiro - RJ - Brasil,Rua Oscar Freire, 585, Jardim Paulista, São Paulo/SP"
VISC11,Shoppings,10448,"7,93%","8,48%",84,1.942.390.000,2.521.130,20,"3.138,10",28005,"8,92%","5,43%","Avenida Coronel Fernando Ferreira Leite nº 1.540 - Ribeirão Preto/SP,Avenida Doutor Olivio Lira, 353 - Praia da Costa, Vila Velha/ES,Avenida Luiz Viana, 8544 - Salvador - BA,Av. Washington Soares, 85 - Edson Queiroz, Fortaleza - CE,Rodovia Raposo Tavares, 23.500 - Lageadinho, Cotia-SP ,Rua Comendador Araujo, 731 - Curitiba - PR,Rua Barão de São Francisco, 236 - Rio de Janeiro/RJ,Av. Carlos Jereissati, 100 - Maracanaú/CE,Av. Pereira Barreto, 42 - Santo André - SP,Av. Cristiano Machado, 4000 - União - Belo horizonte - MG,Av. Manoel Goulart, 2400 - Jardim das Rosas - Presidente Prudente - SP,Av. Maestro Paulo e Silva, 400 - Rio de Janeiro - RJ,Av. Prefeito Chiquilito Erse, 3288 - Porto Velho/RO,Avenida Geremario Dantas, 404 - Rio de Janeiro - RJ,Trav. Padre Eutíquio, 1078  Belém - PA,Rua Jacy Teixeireira de Camargo, 940 - Campinas/SP,Av. Historiador Rubens de Mendonça (Av. CPA), 3300 - Cuiabá/MT,Estrada do Mendanha, 450 / 550 e 555  Rio de Janeiro  RJ,Av. Madre Benvenuta, 687 - Santa Mônica, Trindade - Florianópolis - SC,Avenida Governador Agamenon Magalhães, 153 - Sto Amaro, Recife - PE"
VIUR11,Outros,652,"14,38%","13,14%",71,175.689.000,326.908,8,"2.522,45",30758,"12,19%","0,00%","Rua Luis Otavio, 1.313, Taquaral, Campinas - SP,Rua Candido Benício, 1671, Jacarepaguá, Rio de Janeiro - RJ,Rua Oswaldo Cruz (Rua Grande), 415, Centro, São Luis  MA,Rua Santos Dumont, 888, Niterói, Canoas - RS,Avenida Dr. Cardoso de Melo, 1.200, Vila Olímpia, São Paulo - SP,Rua Orfanotrofio, 555, Porto Alegre, Porto Alegre - RS,Rua Candido Benício, 1671, Jacarepaguá, Rio de Janeiro - RJ,Estrada Municipal UNICAMP-Telebrás km 1, Cidade Universitária, Campinas - SP"
VLOL11,Lajes Corporativas,9250,"7,66%","7,66%",83,165.097.000,121.631,1,"15.738,80","1.340,16","8,51%","0,00%","Rua Fidêncio Ramos, 302, Vila Olímpia, 04551-010, São Paulo - SP"
VOTS11,Títulos e Val. Mob.,8280,"22,73%","15,46%",89,68.551.200,7.812,0,000,000,"0,00%","0,00%",
VRTA11,Títulos e Val. Mob.,8700,"12,60%","14,50%",96,1.356.540.000,2.165.530,0,000,000,"0,00%","0,00%",
VSEC11,Títulos e Val. Mob.,4400,"-5,03%","8,44%",44,2.760.340,335,0,000,000,"0,00%","0,00%",
VSHO11,Shoppings,6490,"10,48%","11,14%",65,136.212.000,33.981,3,"1.788,72",35292,"19,73%","7,84%","Av. Visconde do Rio Branco, 360 - Centro, Niterói - RJ,Remanso Campineiro, Hortolândia - SP,R. Paiquerê, 200 - Jardim Paiquere, Valinhos - SP"
VSLH11,Outros,815,"10,54%","15,75%",78,243.392.000,835.555,0,000,000,"0,00%","0,00%",
VTLT11,Logística,9020,"11,38%","11,05%",90,190.773.000,201.881,1,74388,9570,"12,87%","0,00%","Avenida Prefeito Domingos Mocelin Neto s/n, Borda do Campo, Quatro Barras, PR "
WHGR11,Híbrido,834,"7,69%","9,96%",84,209.247.000,495.121,0,000,000,"0,00%","0,00%",
WPLZ11,Shoppings,6400,"8,16%","8,31%",73,65.327.800,4.972,1,"1.726,02",15497,"8,98%","11,45%","Av. Francisco Matarazzo s/n, Bloco B, São Paulo, SP"
WSEC11,Títulos e Val. Mob.,9149,"3,26%","4,27%",90,22.474.600,14.655,0,000,000,"0,00%","0,00%",
WTSP11B,Híbrido,3001,"-17,11%","4,40%",41,29.786.900,38.346,1,"2.440,42",11948,"4,90%","5,97%","Av. das Nações Unidas, 12551, 12555 e 12559"
XPCI11,Títulos e Val. Mob.,7971,"8,35%","14,12%",88,693.601.000,2.314.220,0,000,000,"0,00%","0,00%",
XPCM11,Lajes Corporativas,1434,"13,73%","12,76%",33,34.624.900,70.555,1,"1.556,52",000,"0,00%","85,00%","Av Pr Aristeu Ferreira da Silva,370,Cavaleiros,Macaé-RJ"
XPIN11,Outros,7075,"9,73%","10,52%",68,505.892.000,454.147,100,"1.965,83",20144,"10,25%","0,00%","Estrada Municipal Alberto Tofanin, km 5,5, Bairro do Pinhal,Rod Dom Pedro I, km 87,5, Ponte Alta, 12954-275,Rod Dom Pedro I, km 87,5, Ponte Alta, 12954-261,Estrada Luiz Lopes Neto, 738, Extrema - MG, CEP: 12954-260,Rua Kanebo, 175, bairro Distrito Federal,Rua Kanebo, 175, bairro Distrito Federal,Rod Dom Pedro I, km 87,5, Ponte Alta, 12954-261,Rod Dom Pedro I, km 87,5, Ponte Alta, 12954-277,Rod Dom Pedro I, km 87,5, Ponte Alta, 12954-261,Av. Tégula, 888, Ponte Alta, 12952-820,Rua Kanebo, 175, bairro Distrito Federal,Rua Kanebo, 175, bairro Distrito Federal,Rod Dom Pedro I, km 87,5, Ponte Alta, 12954-261,Rod Dom Pedro I, km 87,5, Ponte Alta, 12954-261,Av. Tégula, 888, Ponte Alta, 12952-820,Estrada Municipal Alberto Tofanin, km 5,5, Bairro do Pinhal, Atibaia / Jarinú, SP Estrada Municipal Al,Rua Kanebo, 175, bairro Distrito Federal,Rodovia Anhanguera, km 61 - Bairro castanho,Estrada Municipal Alberto Tofanin, km 5,5, Bairro do Pinhal,Rod Dom Pedro I, km 87,5, Ponte Alta, 12954-275,Av. Tégula, 888, Ponte Alta, 12952-824,Avenida Tégula, 888, Atibaia - SP, CEP: 12952-820,Estrada Municipal Alberto Tofanin, km 5,5, Bairro do Pinhal, Atibaia / Jarinú, SP Estrada Municipal Al,Rua Kanebo, 175, bairro Distrito Federal,Estrada Municipal Alberto Tofanin, km 5,5, Bairro do Pinhal,Rod Dom Pedro I, km 87,5, Ponte Alta, 12954-275,Av. Tégula, 888, Ponte Alta, 12952-824,Rodovia Dom Pedro I, km 90,Rua Kanebo, 175, bairro Distrito Federal,Rua Kanebo, 175, bairro Distrito Federal,Estrada Municipal Alberto Tofanin, km 5,5, Bairro do Pinhal,Rod Dom Pedro I, km 87,5, Ponte Alta, 12954-275,Rod Dom Pedro I, km 87,5, Ponte Alta, 12954-261,Rodovia Dom Pedro I, km 90,Rua Kanebo, 175, bairro Distrito Federal,Rua Kanebo, 175, bairro Distrito Federal,Estrada Municipal Alberto Tofanin, km 5,5, Bairro do Pinhal,Rod Dom Pedro I, km 87,5, Ponte Alta, 12954-278,Rod Dom Pedro I, km 87,5, Ponte Alta, 12954-261,Estrada Municipal Antonio Agostinho Barbosa, nº 1300, Gleba ""B"", CEP 37640-000,Rua Kanebo, 175, bairro Distrito Federal,Rua Kanebo, 175, bairro Distrito Federal,Rod Dom Pedro I, km 87,5, Ponte Alta, 12954-261,Rod Dom Pedro I, km 87,5, Ponte Alta, 12954-273,Rod Dom Pedro I, km 87,5, Ponte Alta, 12954-261,Av. Tégula, 888, Ponte Alta, 12952-821,Rod Dom Pedro I, km 87,5, Ponte Alta, 12954-261,Rua Kanebo, 175, bairro Distrito Federal,Rodovia Anhanguera, km 61 - Bairro castanho,Estrada Municipal Alberto Tofanin, km 5,5, Bairro do Pinhal,Rod Dom Pedro I, km 87,5, Ponte Alta, 12954-275,Av. Tégula, 888, Ponte Alta, 12952-826,Avenida Tégula, 888, Atibaia - SP, CEP: 12952-820,Estrada Municipal Alberto Tofanin, km 5,5, Bairro do Pinhal, Atibaia / Jarinú, SP Estrada Municipal Al,Rua Kanebo, 175, bairro Distrito Federal,Estrada Municipal Alberto Tofanin, km 5,5, Bairro do Pinhal,Rod Dom Pedro I, km 87,5, Ponte Alta, 12954-275,Av. Tégula, 888, Ponte Alta, 12952-824,Avenida Tégula, 888, bairro Ponte Alta,Rodovia Dom Pedro I, km 90,Rua Kanebo, 175, bairro Distrito Federal,Rua Kanebo, 175, bairro D"
XPLG11,Logística,9251,"9,00%","9,20%",81,2.507.120.000,4.014.470,17,"1.949,63",17943,"9,20%","6,28%","Avenida Osvaldo José do Amaral, SN - Areias São José - SC,Bairro dos Tenentes no Município de Extrema/MG ,Estrada Miguel Pereira nº 34, Bairro São Miguel, CEP: 23.890-000,Via Jose Luiz Galvão, 1905 - Ribeirão Preto - SP,Avenida OL-1 -Duque de Caxias, RJ,Estrada Tenente Marques, 1818 - Santana de Parnaiba - SP,Rod. dos Bandeirantes, km 34 - Cajamar, SP,Bairro dos Tenentes no Município de Extrema/MG ,Rua Lennie Queiroz, 333 - Cachoeirinha - RS,Rua Joao de Padula, 245 - Americana - SP,Avenida Ceci, 1649 - Barueri - SP,ROD BR101, Sul Km 96,4, 5.225 - Cabo de Santo Agostinho, PE,Estrada Municipal do Mandu, 2550 - Itapeva - MG,Rod. dos Bandeirantes, km 34,Rod. dos Bandeirantes, km 34 - Cajamar, SP,ROD BR101, Sul Nº 2.220 - Cabo de Santo Agostinho, PE,km 26 + 175,35m e o km 25 + 759,35m da Rodovia Anhanguera"
XPML11,Shoppings,9970,"7,80%","8,67%",99,2.125.020.000,3.999.760,12,"4.974,28",36535,"7,34%","2,76%","Avenida das Américas 500, Barra da Tijuca, Rio de Janeiro, RJ, 59064-900,Rodovia Washington Luiz 2895, Duque de Caxias, RJ, 25085-008,Rodovia Castello Branco km 60, São Roque, SP, 18147-000,R. Jacy Teixeira de Camargo, 940 - Jardim do Lago, Campinas - SP, 13050-913,Av. Coronel Teixeira, 5705, Ponta Negra, Manaus, AM, 69037-000,Av. Tancredo Neves, 148, Caminho das Árvores - Salvador - Bahia,Avenida Paulista 1230, São Paulo, SP, 01310-100,Av. Magalhaes de Castro 12000, São Paulo, SP, 05502-001,Alameda Euvaldo Luz, 92, Horto, Salvador, BA, 41098-020,Av. Coronel Teixeira, 5705, Ponta Negra, Manaus, AM, 69037-000,Praça Leonor Kaupa 100, São Paulo, SP, 04151-100,Av. Sen. Salgado Filho 2234, Natal, RN, 59064-900"
XPPR11,Outros,2746,"15,58%","14,27%",37,200.902.000,466.181,5,"2.749,74",42595,"15,49%","43,59%","Avenida Brigadeiro Faria Lima, 949,Alameda Xingu, 350, Barueri-SP,Rua Wisard, 298, São Paulo- SP,Rua Capote Valente, 39, São Paulo - SP,Alameda Xingu, 512, Barueri - SP"
XPSF11,Títulos e Val. Mob.,719,"10,39%","12,08%",88,311.342.000,619.881,0,000,000,"0,00%","0,00%",
XTED11,Lajes Corporativas,882,"-0,90%","0,00%",64,44.228.400,0,1,"2.730,23",000,"0,00%","0,00%","Avenida Rui Barbosa, 2390, Cajueiros, Macae/RJ, Brasil, 27915-012"
ZAVI11,Híbrido,12500,"3,49%","4,43%",98,115.815.000,38.093,9,"1.584,13",8001,"5,05%","0,79%","Rodovia Contorno Norte, nº 305, Colombo-PR, CEP 83402-335,Rodovia BR-153, nº 3.621, Anápolis-GO, CEP 75132-400, Rua Attílio Bilibio, nº 685, Nova Bassano - RS, CEP 95340-000,Avenida Andrômeda, 1669, Jardim Satélite, São José dos Campos - SP, CEP 12230-000,Av. Moita Bonita, nº 266, Guarulhos - SP, CEP 07270-395,Rua Santa Luzia, 579, Vila Santa Luzia, Taboão da Serra - SP, CEP 06754-005,Avenida Andrômeda, 1679, Jardim Satélite, São José dos Campos - SP, CE: 12230-000,Rua Tabapuã, 41, Itaim Bibi, São Paulo - SP, CEP 04533-010,Rua Proessor Sarmento Barata, nº 297, Porto Alegre-RS, CEP 90240-640."
ZIFI11,Híbrido,"1.139,89","-1,03%","0,29%",96,54.127.700,1.754,0,000,000,"0,00%","0,00%",
